"configuration","problem","model","data_file","status","time","nClauseVariables","error","bimanderTotalOffset","bimanderTotalN","bimanderCount","paths","method","flatBoolConstraints","nVariables","flatBoolVars","evaluatedReifiedConstraints","run","bimanderTotalM","solveTime","bimanderTotalAbsoluteBalance","flatTime","nSolutions","processFlatZincTime","nClauses"
"mzn-sat-lingeling-direct-direct","knights","../../libminizinc/thesis/benchmarks/minizinc-benchmarks/knights_circuit/knights_circuit.mzn","n=12;m=12;holes={}","SATISFIED","50.621855932986364","1102589","","0","0","0","0","satisfy","251557","37541","21170","7974","/home/hbierlee/Projects/mzn-bench/results/2021-05-17-knights/raw","0","38.16","0","10.4841","2","0.9685","399339"
"mzn-sat-clasp-direct+order-order","knights","../../libminizinc/thesis/benchmarks/minizinc-benchmarks/knights_circuit/knights_circuit.mzn","n=12;m=12;holes={}","SATISFIED","19.236669270088896","860484","","0","0","0","0","satisfy","312670","21837","21758","7974","/home/hbierlee/Projects/mzn-bench/results/2021-05-17-knights/raw","0","1.0396","0","15.8883","1","0.8565","308964"
"mzn-sat-glucose-direct+order-binary","knights","../../libminizinc/thesis/benchmarks/minizinc-benchmarks/knights_circuit/knights_circuit.mzn","n=18;m=18;holes={}","UNKNOWN","1201.0356947991531","233160","","0","0","0","0","satisfy","82171","12351","12353","28479","/home/hbierlee/Projects/mzn-bench/results/2021-05-17-knights/raw","0","1189.0998","0","11.0186","0","0.2256","81891"
"mzn-sat-clasp-direct-order","knights","../../libminizinc/thesis/benchmarks/minizinc-benchmarks/knights_circuit/knights_circuit.mzn","n=08;m=08;holes={}","SATISFIED","3.414155201986432","142022","","0","0","0","0","satisfy","52816","4222","4165","2362","/home/hbierlee/Projects/mzn-bench/results/2021-05-17-knights/raw","0","0.0794","0","2.82226","1","0.2258","51781"
"mzn-sat-clasp-binary-binary","knights","../../libminizinc/thesis/benchmarks/minizinc-benchmarks/knights_circuit/knights_circuit.mzn","n=18;m=18;holes={}","UNKNOWN","1201.0385675039142","620670","","0","0","0","0","satisfy","98596","10126","13178","2568","/home/hbierlee/Projects/mzn-bench/results/2021-05-17-knights/raw","0","1189.2577","0","10.8586","","0.334","91441"
"mzn-sat-lingeling-direct+order-order","knights","../../libminizinc/thesis/benchmarks/minizinc-benchmarks/knights_circuit/knights_circuit.mzn","n=18;m=18;holes={}","SATISFIED","567.6226476840675","4805580","","0","0","0","0","satisfy","1718866","108009","107690","26232","/home/hbierlee/Projects/mzn-bench/results/2021-05-17-knights/raw","0","468.3553","0","85.7936","2","5.1089","1710480"
"mzn-sat-clasp-direct+order-binary","knights","../../libminizinc/thesis/benchmarks/minizinc-benchmarks/knights_circuit/knights_circuit.mzn","n=08;m=08;holes={}","SATISFIED","32.31691072997637","21998","","0","0","0","0","satisfy","8132","1562","1624","2606","/home/hbierlee/Projects/mzn-bench/results/2021-05-17-knights/raw","0","31.2651","0","0.936645","1","0.018","7892"
"mzn-sat-glucose-direct+order-order","knights","../../libminizinc/thesis/benchmarks/minizinc-benchmarks/knights_circuit/knights_circuit.mzn","n=18;m=18;holes={}","SATISFIED","134.42323794192635","4805580","","0","0","0","0","satisfy","1718866","108009","107690","26232","/home/hbierlee/Projects/mzn-bench/results/2021-05-17-knights/raw","0","35.6447","0","86.5237","2","5.1525","1710480"
"mzn-sat-clasp-direct-direct","knights","../../libminizinc/thesis/benchmarks/minizinc-benchmarks/knights_circuit/knights_circuit.mzn","n=08;m=08;holes={}","SATISFIED","3.223507446004078","199729","","0","0","0","0","satisfy","42165","7211","4226","2362","/home/hbierlee/Projects/mzn-bench/results/2021-05-17-knights/raw","0","0.8809","0","1.97638","1","0.1738","74741"
"mzn-sat-glucose-direct-order","knights","../../libminizinc/thesis/benchmarks/minizinc-benchmarks/knights_circuit/knights_circuit.mzn","n=12;m=12;holes={}","SATISFIED","18.861186348134652","858438","","0","0","0","0","satisfy","309904","21326","21029","7974","/home/hbierlee/Projects/mzn-bench/results/2021-05-17-knights/raw","0","1.6024","0","15.2432","2","0.894","307941"
"mzn-sat-clasp-direct-order","knights","../../libminizinc/thesis/benchmarks/minizinc-benchmarks/knights_circuit/knights_circuit.mzn","n=16;m=16;holes={}","SATISFIED","77.15558708785102","2926790","","0","0","0","0","satisfy","1046416","66878","66181","18578","/home/hbierlee/Projects/mzn-bench/results/2021-05-17-knights/raw","0","18.5497","0","50.4534","1","3.2729","1043269"
"mzn-sat-glucose-direct-binary","knights","../../libminizinc/thesis/benchmarks/minizinc-benchmarks/knights_circuit/knights_circuit.mzn","n=12;m=12;holes={}","UNKNOWN","1200.5638202950358","79993","","0","0","0","0","satisfy","26960","4265","4109","8820","/home/hbierlee/Projects/mzn-bench/results/2021-05-17-knights/raw","0","1197.2425","0","2.87391","0","0.0682","28407"
"mzn-sat-clasp-direct-direct","knights","../../libminizinc/thesis/benchmarks/minizinc-benchmarks/knights_circuit/knights_circuit.mzn","n=10;m=10;holes={}","SATISFIED","6.507677512941882","512077","","0","0","0","0","satisfy","113889","20313","10262","4640","/home/hbierlee/Projects/mzn-bench/results/2021-05-17-knights/raw","0","0.7937","0","4.7891","1","0.4502","187463"
"mzn-sat-lingeling-direct-direct","knights","../../libminizinc/thesis/benchmarks/minizinc-benchmarks/knights_circuit/knights_circuit.mzn","n=14;m=14;holes={}","SATISFIED","693.5294071070384","2103313","","0","0","0","0","satisfy","486657","65015","39062","12556","/home/hbierlee/Projects/mzn-bench/results/2021-05-17-knights/raw","0","669.4867","0","20.0542","2","1.8638","757481"
"mzn-sat-clasp-order-order","knights","../../libminizinc/thesis/benchmarks/minizinc-benchmarks/knights_circuit/knights_circuit.mzn","n=18;m=18;holes={}","UNKNOWN","1201.2559182029217","","","","","","0","satisfy","1736449","","128638","128555","/home/hbierlee/Projects/mzn-bench/results/2021-05-17-knights/raw","","","","89.7249","","",""
"mzn-sat-lingeling-binary-binary","knights","../../libminizinc/thesis/benchmarks/minizinc-benchmarks/knights_circuit/knights_circuit.mzn","n=22;m=22;holes={}","UNKNOWN","1201.0794631789904","1022059","","0","0","0","0","satisfy","153598","15249","19860","3848","/home/hbierlee/Projects/mzn-bench/results/2021-05-17-knights/raw","0","1180.9938","0","19.1448","","0.5344","142676"
"mzn-sat-lingeling-direct+order-binary","knights","../../libminizinc/thesis/benchmarks/minizinc-benchmarks/knights_circuit/knights_circuit.mzn","n=10;m=10;holes={}","SATISFIED","5.280292388051748","48131","","0","0","0","0","satisfy","17246","2905","2971","5125","/home/hbierlee/Projects/mzn-bench/results/2021-05-17-knights/raw","0","3.1667","0","1.88612","2","0.0424","16974"
"mzn-sat-glucose-direct+order-order","knights","../../libminizinc/thesis/benchmarks/minizinc-benchmarks/knights_circuit/knights_circuit.mzn","n=08;m=08;holes={}","SATISFIED","3.5910846921615303","142820","","0","0","0","0","satisfy","53806","4429","4430","2362","/home/hbierlee/Projects/mzn-bench/results/2021-05-17-knights/raw","0","0.0598","0","3.07856","2","0.2196","52180"
"mzn-sat-glucose-direct-order","knights","../../libminizinc/thesis/benchmarks/minizinc-benchmarks/knights_circuit/knights_circuit.mzn","n=18;m=18;holes={}","SATISFIED","135.39943439816125","4800582","","0","0","0","0","satisfy","1711816","106802","105845","26232","/home/hbierlee/Projects/mzn-bench/results/2021-05-17-knights/raw","0","34.4791","0","87.8867","2","5.4861","1707981"
"mzn-sat-lingeling-direct+order-binary","knights","../../libminizinc/thesis/benchmarks/minizinc-benchmarks/knights_circuit/knights_circuit.mzn","n=12;m=12;holes={}","UNKNOWN","1200.5656586110126","82039","","0","0","0","0","satisfy","29726","4776","4838","8820","/home/hbierlee/Projects/mzn-bench/results/2021-05-17-knights/raw","0","1196.7503","0","3.36402","0","0.0821","29430"
"mzn-sat-clasp-direct+order-binary","knights","../../libminizinc/thesis/benchmarks/minizinc-benchmarks/knights_circuit/knights_circuit.mzn","n=16;m=16;holes={}","UNKNOWN","1200.8923056230415","146029","","0","0","0","0","satisfy","51931","8872","8902","20096","/home/hbierlee/Projects/mzn-bench/results/2021-05-17-knights/raw","0","1192.7645","0","7.35012","0","0.159","51651"
"mzn-sat-clasp-direct-binary","knights","../../libminizinc/thesis/benchmarks/minizinc-benchmarks/knights_circuit/knights_circuit.mzn","n=16;m=16;holes={}","UNKNOWN","1200.7478842469864","142159","","0","0","0","0","satisfy","46525","7929","7485","20096","/home/hbierlee/Projects/mzn-bench/results/2021-05-17-knights/raw","0","1193.4825","0","6.63147","0","0.1434","49716"
"mzn-sat-clasp-direct-binary","knights","../../libminizinc/thesis/benchmarks/minizinc-benchmarks/knights_circuit/knights_circuit.mzn","n=08;m=08;holes={}","SATISFIED","9.554423463065177","21200","","0","0","0","0","satisfy","7142","1355","1359","2606","/home/hbierlee/Projects/mzn-bench/results/2021-05-17-knights/raw","0","8.5778","0","0.90045","1","0.0167","7493"
"mzn-sat-lingeling-direct+order-binary","knights","../../libminizinc/thesis/benchmarks/minizinc-benchmarks/knights_circuit/knights_circuit.mzn","n=08;m=08;holes={}","SATISFIED","1.8417026209644973","21998","","0","0","0","0","satisfy","8132","1562","1624","2606","/home/hbierlee/Projects/mzn-bench/results/2021-05-17-knights/raw","0","0.2543","0","1.00494","2","0.017","7892"
"mzn-sat-glucose-binary-binary","knights","../../libminizinc/thesis/benchmarks/minizinc-benchmarks/knights_circuit/knights_circuit.mzn","n=18;m=18;holes={}","UNKNOWN","1201.039164639078","620670","","0","0","0","0","satisfy","98596","10126","13178","2568","/home/hbierlee/Projects/mzn-bench/results/2021-05-17-knights/raw","0","1188.8822","0","11.2355","","0.3495","91441"
"mzn-sat-lingeling-direct-binary","knights","../../libminizinc/thesis/benchmarks/minizinc-benchmarks/knights_circuit/knights_circuit.mzn","n=20;m=20;holes={}","UNKNOWN","1201.0422362440731","280782","","0","0","0","0","satisfy","91463","13904","13044","38489","/home/hbierlee/Projects/mzn-bench/results/2021-05-17-knights/raw","0","1187.1541","0","12.9685","","0.2882","96986"
"mzn-sat-clasp-binary-binary","knights","../../libminizinc/thesis/benchmarks/minizinc-benchmarks/knights_circuit/knights_circuit.mzn","n=22;m=22;holes={}","UNKNOWN","1201.0465699988417","1022059","","0","0","0","0","satisfy","153598","15249","19860","3848","/home/hbierlee/Projects/mzn-bench/results/2021-05-17-knights/raw","0","1181.3471","0","18.7669","","0.519499","142676"
"mzn-sat-glucose-direct-direct","knights","../../libminizinc/thesis/benchmarks/minizinc-benchmarks/knights_circuit/knights_circuit.mzn","n=16;m=16;holes={}","UNKNOWN","1201.1892239088193","","","","","","0","satisfy","856821","","66434","18578","/home/hbierlee/Projects/mzn-bench/results/2021-05-17-knights/raw","","","","34.6572","","",""
"mzn-sat-lingeling-direct-direct","knights","../../libminizinc/thesis/benchmarks/minizinc-benchmarks/knights_circuit/knights_circuit.mzn","n=10;m=10;holes={}","SATISFIED","17.67189483693801","512077","","0","0","0","0","satisfy","113889","20313","10262","4640","/home/hbierlee/Projects/mzn-bench/results/2021-05-17-knights/raw","0","11.9565","0","4.81369","2","0.4172","187463"
"mzn-sat-glucose-direct+order-order","knights","../../libminizinc/thesis/benchmarks/minizinc-benchmarks/knights_circuit/knights_circuit.mzn","n=20;m=20;holes={}","UNKNOWN","1201.2989357491024","","","","","","0","satisfy","2661406","","163454","35710","/home/hbierlee/Projects/mzn-bench/results/2021-05-17-knights/raw","","","","132.265999","","",""
"mzn-sat-clasp-direct-binary","knights","../../libminizinc/thesis/benchmarks/minizinc-benchmarks/knights_circuit/knights_circuit.mzn","n=12;m=12;holes={}","SATISFIED","19.61807087715715","79993","","0","0","0","0","satisfy","26960","4265","4109","8820","/home/hbierlee/Projects/mzn-bench/results/2021-05-17-knights/raw","0","16.3022","0","2.98725","1","0.0766","28407"
"mzn-sat-lingeling-direct-order","knights","../../libminizinc/thesis/benchmarks/minizinc-benchmarks/knights_circuit/knights_circuit.mzn","n=08;m=08;holes={}","SATISFIED","3.5043545751832426","142022","","0","0","0","0","satisfy","52816","4222","4165","2362","/home/hbierlee/Projects/mzn-bench/results/2021-05-17-knights/raw","0","0.1782","0","2.83217","2","0.2203","51781"
"mzn-sat-clasp-order-order","knights","../../libminizinc/thesis/benchmarks/minizinc-benchmarks/knights_circuit/knights_circuit.mzn","n=14;m=14;holes={}","UNKNOWN","1201.1877403638791","","","","","","0","satisfy","608181","","49426","58787","/home/hbierlee/Projects/mzn-bench/results/2021-05-17-knights/raw","","","","32.125","","",""
"mzn-sat-glucose-direct-order","knights","../../libminizinc/thesis/benchmarks/minizinc-benchmarks/knights_circuit/knights_circuit.mzn","n=16;m=16;holes={}","SATISFIED","111.34079507109709","2926790","","0","0","0","0","satisfy","1046416","66878","66181","18578","/home/hbierlee/Projects/mzn-bench/results/2021-05-17-knights/raw","0","51.5","0","51.4405","2","3.41","1043269"
"mzn-sat-lingeling-direct-order","knights","../../libminizinc/thesis/benchmarks/minizinc-benchmarks/knights_circuit/knights_circuit.mzn","n=14;m=14;holes={}","SATISFIED","60.75057859905064","1662278","","0","0","0","0","satisfy","596584","39346","38869","12556","/home/hbierlee/Projects/mzn-bench/results/2021-05-17-knights/raw","0","26.9691","0","29.194","2","1.8815","594061"
"mzn-sat-glucose-binary-binary","knights","../../libminizinc/thesis/benchmarks/minizinc-benchmarks/knights_circuit/knights_circuit.mzn","n=12;m=12;holes={}","UNKNOWN","1200.5847216981929","191054","","0","0","0","0","satisfy","33730","3924","5138","987","/home/hbierlee/Projects/mzn-bench/results/2021-05-17-knights/raw","0","1197.1161","0","2.99748","0","0.0976","30835"
"mzn-sat-glucose-order-order","knights","../../libminizinc/thesis/benchmarks/minizinc-benchmarks/knights_circuit/knights_circuit.mzn","n=10;m=10;holes={}","SATISFIED","74.80528188007884","715765","","0","0","0","0","satisfy","145417","63334","13862","20219","/home/hbierlee/Projects/mzn-bench/results/2021-05-17-knights/raw","0","65.3708","0","7.80368","2","0.8134","243393"
"mzn-sat-glucose-order-order","knights","../../libminizinc/thesis/benchmarks/minizinc-benchmarks/knights_circuit/knights_circuit.mzn","n=22;m=22;holes={}","ERROR","","","MiniZinc stopped with a non-zero exit code, but did not output an error message. ","","","","","","","","","","/home/hbierlee/Projects/mzn-bench/results/2021-05-17-knights/raw","","","","","","",""
"mzn-sat-clasp-direct-order","knights","../../libminizinc/thesis/benchmarks/minizinc-benchmarks/knights_circuit/knights_circuit.mzn","n=22;m=22;holes={}","ERROR","","","MiniZinc stopped with a non-zero exit code, but did not output an error message. ","","","","","","","","","","/home/hbierlee/Projects/mzn-bench/results/2021-05-17-knights/raw","","","","","","",""
"mzn-sat-lingeling-direct-order","knights","../../libminizinc/thesis/benchmarks/minizinc-benchmarks/knights_circuit/knights_circuit.mzn","n=20;m=20;holes={}","UNKNOWN","1201.290789423976","","","","","","0","satisfy","2652496","","161125","35710","/home/hbierlee/Projects/mzn-bench/results/2021-05-17-knights/raw","","","","121.833","","",""
"mzn-sat-glucose-direct-order","knights","../../libminizinc/thesis/benchmarks/minizinc-benchmarks/knights_circuit/knights_circuit.mzn","n=14;m=14;holes={}","SATISFIED","45.69154105777852","1662278","","0","0","0","0","satisfy","596584","39346","38869","12556","/home/hbierlee/Projects/mzn-bench/results/2021-05-17-knights/raw","0","10.7437","0","30.3655","2","1.903","594061"
"mzn-sat-lingeling-direct-binary","knights","../../libminizinc/thesis/benchmarks/minizinc-benchmarks/knights_circuit/knights_circuit.mzn","n=12;m=12;holes={}","UNKNOWN","1200.4882205771282","79993","","0","0","0","0","satisfy","26960","4265","4109","8820","/home/hbierlee/Projects/mzn-bench/results/2021-05-17-knights/raw","0","1197.1586","0","2.95857","0","0.0771","28407"
"mzn-sat-glucose-direct-binary","knights","../../libminizinc/thesis/benchmarks/minizinc-benchmarks/knights_circuit/knights_circuit.mzn","n=22;m=22;holes={}","UNKNOWN","1201.0489855720662","352200","","0","0","0","0","satisfy","110793","16968","15852","50571","/home/hbierlee/Projects/mzn-bench/results/2021-05-17-knights/raw","0","1182.6052","0","17.5206","","0.3541","117720"
"mzn-sat-glucose-direct+order-order","knights","../../libminizinc/thesis/benchmarks/minizinc-benchmarks/knights_circuit/knights_circuit.mzn","n=12;m=12;holes={}","SATISFIED","19.789174635894597","860484","","0","0","0","0","satisfy","312670","21837","21758","7974","/home/hbierlee/Projects/mzn-bench/results/2021-05-17-knights/raw","0","1.7036","0","15.7126","2","0.9062","308964"
"mzn-sat-glucose-binary-binary","knights","../../libminizinc/thesis/benchmarks/minizinc-benchmarks/knights_circuit/knights_circuit.mzn","n=08;m=08;holes={}","UNKNOWN","1200.273593439022","44906","","0","0","0","0","satisfy","8944","1260","1704","305","/home/hbierlee/Projects/mzn-bench/results/2021-05-17-knights/raw","0","1199.2257","0","0.88736","0","0.0209","7847"
"mzn-sat-glucose-direct-direct","knights","../../libminizinc/thesis/benchmarks/minizinc-benchmarks/knights_circuit/knights_circuit.mzn","n=10;m=10;holes={}","SATISFIED","9.545429750811309","512077","","0","0","0","0","satisfy","113889","20313","10262","4640","/home/hbierlee/Projects/mzn-bench/results/2021-05-17-knights/raw","0","3.5914","0","5.00561","2","0.4519","187463"
"mzn-sat-clasp-direct-direct","knights","../../libminizinc/thesis/benchmarks/minizinc-benchmarks/knights_circuit/knights_circuit.mzn","n=12;m=12;holes={}","SATISFIED","18.620869206963107","1102589","","0","0","0","0","satisfy","251557","37541","21170","7974","/home/hbierlee/Projects/mzn-bench/results/2021-05-17-knights/raw","0","6.2585","0","10.394","1","0.9929","399339"
"mzn-sat-glucose-direct+order-binary","knights","../../libminizinc/thesis/benchmarks/minizinc-benchmarks/knights_circuit/knights_circuit.mzn","n=10;m=10;holes={}","SATISFIED","5.661871119169518","48131","","0","0","0","0","satisfy","17246","2905","2971","5125","/home/hbierlee/Projects/mzn-bench/results/2021-05-17-knights/raw","0","3.5317","0","1.89875","2","0.0437","16974"
"mzn-sat-clasp-direct+order-order","knights","../../libminizinc/thesis/benchmarks/minizinc-benchmarks/knights_circuit/knights_circuit.mzn","n=20;m=20;holes={}","UNKNOWN","1201.3115398411173","","","","","","0","satisfy","2661406","","163454","35710","/home/hbierlee/Projects/mzn-bench/results/2021-05-17-knights/raw","","","","131.189","","",""
"mzn-sat-lingeling-direct-order","knights","../../libminizinc/thesis/benchmarks/minizinc-benchmarks/knights_circuit/knights_circuit.mzn","n=22;m=22;holes={}","ERROR","","","MiniZinc stopped with a non-zero exit code, but did not output an error message. ","","","","","","","","","","/home/hbierlee/Projects/mzn-bench/results/2021-05-17-knights/raw","","","","","","",""
"mzn-sat-lingeling-direct-direct","knights","../../libminizinc/thesis/benchmarks/minizinc-benchmarks/knights_circuit/knights_circuit.mzn","n=20;m=20;holes={}","UNKNOWN","1201.2653271041345","","","","","","0","satisfy","2183589","","161522","35710","/home/hbierlee/Projects/mzn-bench/results/2021-05-17-knights/raw","","","","85.7825","","",""
"mzn-sat-clasp-direct-order","knights","../../libminizinc/thesis/benchmarks/minizinc-benchmarks/knights_circuit/knights_circuit.mzn","n=20;m=20;holes={}","UNKNOWN","1201.2675325570162","","","","","","0","satisfy","2652496","","161125","35710","/home/hbierlee/Projects/mzn-bench/results/2021-05-17-knights/raw","","","","121.501","","",""
"mzn-sat-clasp-direct+order-binary","knights","../../libminizinc/thesis/benchmarks/minizinc-benchmarks/knights_circuit/knights_circuit.mzn","n=14;m=14;holes={}","UNKNOWN","1200.7465959300753","119190","","0","0","0","0","satisfy","42108","6668","6718","13714","/home/hbierlee/Projects/mzn-bench/results/2021-05-17-knights/raw","0","1194.6214","0","5.49427","0","0.1332","41816"
"mzn-sat-lingeling-direct-direct","knights","../../libminizinc/thesis/benchmarks/minizinc-benchmarks/knights_circuit/knights_circuit.mzn","n=08;m=08;holes={}","SATISFIED","2.7067390959709883","199729","","0","0","0","0","satisfy","42165","7211","4226","2362","/home/hbierlee/Projects/mzn-bench/results/2021-05-17-knights/raw","0","0.3702","0","1.95087","2","0.1942","74741"
"mzn-sat-glucose-direct+order-binary","knights","../../libminizinc/thesis/benchmarks/minizinc-benchmarks/knights_circuit/knights_circuit.mzn","n=22;m=22;holes={}","UNKNOWN","1201.046587567078","359886","","0","0","0","0","satisfy","121779","18799","18721","50571","/home/hbierlee/Projects/mzn-bench/results/2021-05-17-knights/raw","0","1179.9146","0","20.2132","","0.3856","121563"
"mzn-sat-clasp-order-order","knights","../../libminizinc/thesis/benchmarks/minizinc-benchmarks/knights_circuit/knights_circuit.mzn","n=12;m=12;holes={}","SATISFIED","35.87612169422209","1538272","","0","0","0","0","satisfy","317179","128666","27580","36179","/home/hbierlee/Projects/mzn-bench/results/2021-05-17-knights/raw","0","14.8226","0","17.5897","1","1.8362","515946"
"mzn-sat-lingeling-direct-binary","knights","../../libminizinc/thesis/benchmarks/minizinc-benchmarks/knights_circuit/knights_circuit.mzn","n=14;m=14;holes={}","UNKNOWN","1200.8454635399394","116304","","0","0","0","0","satisfy","38130","5957","5673","13714","/home/hbierlee/Projects/mzn-bench/results/2021-05-17-knights/raw","0","1195.6446","0","4.48086","0","0.1188","40373"
"mzn-sat-glucose-direct-binary","knights","../../libminizinc/thesis/benchmarks/minizinc-benchmarks/knights_circuit/knights_circuit.mzn","n=10;m=10;holes={}","SATISFIED","3.518823752179742","46781","","0","0","0","0","satisfy","15476","2562","2502","5125","/home/hbierlee/Projects/mzn-bench/results/2021-05-17-knights/raw","0","1.5558","0","1.75331","2","0.0407","16299"
"mzn-sat-lingeling-direct+order-binary","knights","../../libminizinc/thesis/benchmarks/minizinc-benchmarks/knights_circuit/knights_circuit.mzn","n=14;m=14;holes={}","UNKNOWN","1200.7056925138459","119190","","0","0","0","0","satisfy","42108","6668","6718","13714","/home/hbierlee/Projects/mzn-bench/results/2021-05-17-knights/raw","0","1194.7418","0","5.37422","0","0.1244","41816"
"mzn-sat-glucose-direct+order-binary","knights","../../libminizinc/thesis/benchmarks/minizinc-benchmarks/knights_circuit/knights_circuit.mzn","n=14;m=14;holes={}","UNKNOWN","1200.726162172854","119190","","0","0","0","0","satisfy","42108","6668","6718","13714","/home/hbierlee/Projects/mzn-bench/results/2021-05-17-knights/raw","0","1194.9984","0","5.11664","0","0.1206","41816"
"mzn-sat-clasp-direct-binary","knights","../../libminizinc/thesis/benchmarks/minizinc-benchmarks/knights_circuit/knights_circuit.mzn","n=20;m=20;holes={}","UNKNOWN","1201.045147974044","280782","","0","0","0","0","satisfy","91463","13904","13044","38489","/home/hbierlee/Projects/mzn-bench/results/2021-05-17-knights/raw","0","1187.0264","0","13.0955","","0.2872","96986"
"mzn-sat-lingeling-direct-binary","knights","../../libminizinc/thesis/benchmarks/minizinc-benchmarks/knights_circuit/knights_circuit.mzn","n=22;m=22;holes={}","UNKNOWN","1201.0532413388137","352200","","0","0","0","0","satisfy","110793","16968","15852","50571","/home/hbierlee/Projects/mzn-bench/results/2021-05-17-knights/raw","0","1183.0395","0","17.0853","","0.3628","117720"
"mzn-sat-clasp-order-order","knights","../../libminizinc/thesis/benchmarks/minizinc-benchmarks/knights_circuit/knights_circuit.mzn","n=10;m=10;holes={}","SATISFIED","20.98409160389565","715765","","0","0","0","0","satisfy","145417","63334","13862","20219","/home/hbierlee/Projects/mzn-bench/results/2021-05-17-knights/raw","0","11.4575","0","7.88794","1","0.8517","243393"
"mzn-sat-lingeling-order-order","knights","../../libminizinc/thesis/benchmarks/minizinc-benchmarks/knights_circuit/knights_circuit.mzn","n=20;m=20;holes={}","UNKNOWN","1201.29372121091","","","","","","0","satisfy","2686227","","192532","178019","/home/hbierlee/Projects/mzn-bench/results/2021-05-17-knights/raw","","","","136.376","","",""
"mzn-sat-lingeling-binary-binary","knights","../../libminizinc/thesis/benchmarks/minizinc-benchmarks/knights_circuit/knights_circuit.mzn","n=12;m=12;holes={}","UNKNOWN","1200.5834855691064","191054","","0","0","0","0","satisfy","33730","3924","5138","987","/home/hbierlee/Projects/mzn-bench/results/2021-05-17-knights/raw","0","1197.1157","0","2.99854","0","0.1007","30835"
"mzn-sat-lingeling-order-order","knights","../../libminizinc/thesis/benchmarks/minizinc-benchmarks/knights_circuit/knights_circuit.mzn","n=08;m=08;holes={}","SATISFIED","9.900553819024935","271995","","0","0","0","0","satisfy","54879","26240","5968","9755","/home/hbierlee/Projects/mzn-bench/results/2021-05-17-knights/raw","0","5.9986","0","3.29998","2","0.3347","94380"
"mzn-sat-lingeling-direct-direct","knights","../../libminizinc/thesis/benchmarks/minizinc-benchmarks/knights_circuit/knights_circuit.mzn","n=16;m=16;holes={}","UNKNOWN","1201.192717926111","","","","","","0","satisfy","856821","","66434","18578","/home/hbierlee/Projects/mzn-bench/results/2021-05-17-knights/raw","","","","34.2788","","",""
"mzn-sat-lingeling-order-order","knights","../../libminizinc/thesis/benchmarks/minizinc-benchmarks/knights_circuit/knights_circuit.mzn","n=22;m=22;holes={}","ERROR","","","MiniZinc stopped with a non-zero exit code, but did not output an error message. ","","","","","","","","","","/home/hbierlee/Projects/mzn-bench/results/2021-05-17-knights/raw","","","","","","",""
"mzn-sat-lingeling-direct-binary","knights","../../libminizinc/thesis/benchmarks/minizinc-benchmarks/knights_circuit/knights_circuit.mzn","n=10;m=10;holes={}","SATISFIED","2.4571537929587066","46781","","0","0","0","0","satisfy","15476","2562","2502","5125","/home/hbierlee/Projects/mzn-bench/results/2021-05-17-knights/raw","0","0.4753","0","1.78771","2","0.0375","16299"
"mzn-sat-lingeling-order-order","knights","../../libminizinc/thesis/benchmarks/minizinc-benchmarks/knights_circuit/knights_circuit.mzn","n=18;m=18;holes={}","UNKNOWN","1201.2357922650408","","","","","","0","satisfy","1736449","","128638","128555","/home/hbierlee/Projects/mzn-bench/results/2021-05-17-knights/raw","","","","88.6851","","",""
"mzn-sat-glucose-direct-direct","knights","../../libminizinc/thesis/benchmarks/minizinc-benchmarks/knights_circuit/knights_circuit.mzn","n=08;m=08;holes={}","SATISFIED","2.428640926023945","199729","","0","0","0","0","satisfy","42165","7211","4226","2362","/home/hbierlee/Projects/mzn-bench/results/2021-05-17-knights/raw","0","0.1172","0","1.91073","2","0.2075","74741"
"mzn-sat-clasp-direct+order-order","knights","../../libminizinc/thesis/benchmarks/minizinc-benchmarks/knights_circuit/knights_circuit.mzn","n=16;m=16;holes={}","SATISFIED","106.41397388908081","2930660","","0","0","0","0","satisfy","1051822","67821","67598","18578","/home/hbierlee/Projects/mzn-bench/results/2021-05-17-knights/raw","0","47.4281","0","50.9382","1","3.1213","1045204"
"mzn-sat-clasp-order-order","knights","../../libminizinc/thesis/benchmarks/minizinc-benchmarks/knights_circuit/knights_circuit.mzn","n=16;m=16;holes={}","UNKNOWN","1201.2136650697794","","","","","","0","satisfy","1063735","","82088","89195","/home/hbierlee/Projects/mzn-bench/results/2021-05-17-knights/raw","","","","55.6862","","",""
"mzn-sat-glucose-binary-binary","knights","../../libminizinc/thesis/benchmarks/minizinc-benchmarks/knights_circuit/knights_circuit.mzn","n=22;m=22;holes={}","UNKNOWN","1201.052960951114","1022059","","0","0","0","0","satisfy","153598","15249","19860","3848","/home/hbierlee/Projects/mzn-bench/results/2021-05-17-knights/raw","0","1180.0151","0","20.1159","","0.7027","142676"
"mzn-sat-clasp-order-order","knights","../../libminizinc/thesis/benchmarks/minizinc-benchmarks/knights_circuit/knights_circuit.mzn","n=22;m=22;holes={}","ERROR","","","MiniZinc stopped with a non-zero exit code, but did not output an error message. ","","","","","","","","","","/home/hbierlee/Projects/mzn-bench/results/2021-05-17-knights/raw","","","","","","",""
"mzn-sat-lingeling-direct+order-order","knights","../../libminizinc/thesis/benchmarks/minizinc-benchmarks/knights_circuit/knights_circuit.mzn","n=10;m=10;holes={}","SATISFIED","9.601858125068247","388748","","0","0","0","0","satisfy","143026","10665","10634","4640","/home/hbierlee/Projects/mzn-bench/results/2021-05-17-knights/raw","0","1.12","0","7.50078","2","0.4021","140464"
"mzn-sat-clasp-direct+order-order","knights","../../libminizinc/thesis/benchmarks/minizinc-benchmarks/knights_circuit/knights_circuit.mzn","n=22;m=22;holes={}","ERROR","","","MiniZinc stopped with a non-zero exit code, but did not output an error message. ","","","","","","","","","","/home/hbierlee/Projects/mzn-bench/results/2021-05-17-knights/raw","","","","","","",""
"mzn-sat-glucose-order-order","knights","../../libminizinc/thesis/benchmarks/minizinc-benchmarks/knights_circuit/knights_circuit.mzn","n=20;m=20;holes={}","UNKNOWN","1201.2986535329837","","","","","","0","satisfy","2686227","","192532","178019","/home/hbierlee/Projects/mzn-bench/results/2021-05-17-knights/raw","","","","135.432","","",""
"mzn-sat-lingeling-binary-binary","knights","../../libminizinc/thesis/benchmarks/minizinc-benchmarks/knights_circuit/knights_circuit.mzn","n=16;m=16;holes={}","UNKNOWN","1201.034193126019","389041","","0","0","0","0","satisfy","62558","7099","9264","1771","/home/hbierlee/Projects/mzn-bench/results/2021-05-17-knights/raw","0","1193.6817","0","6.43766","0","0.2026","57224"
"mzn-sat-lingeling-binary-binary","knights","../../libminizinc/thesis/benchmarks/minizinc-benchmarks/knights_circuit/knights_circuit.mzn","n=10;m=10;holes={}","UNKNOWN","1200.4050447889604","103643","","0","0","0","0","satisfy","19275","2354","3150","582","/home/hbierlee/Projects/mzn-bench/results/2021-05-17-knights/raw","0","1198.332","0","1.78278","0","0.0503","17372"
"mzn-sat-lingeling-order-order","knights","../../libminizinc/thesis/benchmarks/minizinc-benchmarks/knights_circuit/knights_circuit.mzn","n=10;m=10;holes={}","SATISFIED","36.0385901350528","715765","","0","0","0","0","satisfy","145417","63334","13862","20219","/home/hbierlee/Projects/mzn-bench/results/2021-05-17-knights/raw","0","26.6855","0","7.76073","2","0.778","243393"
"mzn-sat-glucose-direct-order","knights","../../libminizinc/thesis/benchmarks/minizinc-benchmarks/knights_circuit/knights_circuit.mzn","n=20;m=20;holes={}","SATISFIED","190.65597846894525","7452998","","0","0","0","0","satisfy","2652496","162382","161125","35710","/home/hbierlee/Projects/mzn-bench/results/2021-05-17-knights/raw","0","49.8866","0","121.56","2","8.1423","2647909"
"mzn-sat-lingeling-direct-binary","knights","../../libminizinc/thesis/benchmarks/minizinc-benchmarks/knights_circuit/knights_circuit.mzn","n=08;m=08;holes={}","SATISFIED","1.1180533641017973","21200","","0","0","0","0","satisfy","7142","1355","1359","2606","/home/hbierlee/Projects/mzn-bench/results/2021-05-17-knights/raw","0","0.2301","0","0.774263","2","0.0209","7493"
"mzn-sat-clasp-direct-direct","knights","../../libminizinc/thesis/benchmarks/minizinc-benchmarks/knights_circuit/knights_circuit.mzn","n=18;m=18;holes={}","UNKNOWN","1201.2397253890522","","","","","","0","satisfy","1405825","","106166","26232","/home/hbierlee/Projects/mzn-bench/results/2021-05-17-knights/raw","","","","61.069","","",""
"mzn-sat-clasp-binary-binary","knights","../../libminizinc/thesis/benchmarks/minizinc-benchmarks/knights_circuit/knights_circuit.mzn","n=08;m=08;holes={}","UNKNOWN","1200.278531868942","44906","","0","0","0","0","satisfy","8944","1260","1704","305","/home/hbierlee/Projects/mzn-bench/results/2021-05-17-knights/raw","0","1199.2752","0","0.837118","0","0.0201","7847"
"mzn-sat-lingeling-direct+order-binary","knights","../../libminizinc/thesis/benchmarks/minizinc-benchmarks/knights_circuit/knights_circuit.mzn","n=16;m=16;holes={}","UNKNOWN","1200.8664993611164","146029","","0","0","0","0","satisfy","51931","8872","8902","20096","/home/hbierlee/Projects/mzn-bench/results/2021-05-17-knights/raw","0","1192.6909","0","7.42413","0","0.1602","51651"
"mzn-sat-clasp-binary-binary","knights","../../libminizinc/thesis/benchmarks/minizinc-benchmarks/knights_circuit/knights_circuit.mzn","n=10;m=10;holes={}","UNKNOWN","1200.374069852056","103643","","0","0","0","0","satisfy","19275","2354","3150","582","/home/hbierlee/Projects/mzn-bench/results/2021-05-17-knights/raw","0","1198.4761","0","1.63967","0","0.0462","17372"
"mzn-sat-clasp-order-order","knights","../../libminizinc/thesis/benchmarks/minizinc-benchmarks/knights_circuit/knights_circuit.mzn","n=20;m=20;holes={}","UNKNOWN","1201.3035350181162","","","","","","0","satisfy","2686227","","192532","178019","/home/hbierlee/Projects/mzn-bench/results/2021-05-17-knights/raw","","","","135.061","","",""
"mzn-sat-glucose-direct-order","knights","../../libminizinc/thesis/benchmarks/minizinc-benchmarks/knights_circuit/knights_circuit.mzn","n=10;m=10;holes={}","SATISFIED","8.424198962049559","387398","","0","0","0","0","satisfy","141256","10322","10165","4640","/home/hbierlee/Projects/mzn-bench/results/2021-05-17-knights/raw","0","0.253199","0","7.15754","2","0.3864","139789"
"mzn-sat-lingeling-direct+order-order","knights","../../libminizinc/thesis/benchmarks/minizinc-benchmarks/knights_circuit/knights_circuit.mzn","n=16;m=16;holes={}","SATISFIED","152.09777141781524","2930660","","0","0","0","0","satisfy","1051822","67821","67598","18578","/home/hbierlee/Projects/mzn-bench/results/2021-05-17-knights/raw","0","92.75","0","51.288","2","3.1457","1045204"
"mzn-sat-clasp-order-order","knights","../../libminizinc/thesis/benchmarks/minizinc-benchmarks/knights_circuit/knights_circuit.mzn","n=08;m=08;holes={}","SATISFIED","5.347665376029909","271995","","0","0","0","0","satisfy","54879","26240","5968","9755","/home/hbierlee/Projects/mzn-bench/results/2021-05-17-knights/raw","0","1.4022","0","3.30347","1","0.3459","94380"
"mzn-sat-clasp-direct-order","knights","../../libminizinc/thesis/benchmarks/minizinc-benchmarks/knights_circuit/knights_circuit.mzn","n=14;m=14;holes={}","SATISFIED","39.64710784005001","1662278","","0","0","0","0","satisfy","596584","39346","38869","12556","/home/hbierlee/Projects/mzn-bench/results/2021-05-17-knights/raw","0","6.5491","0","28.7117","1","1.7184","594061"
"mzn-sat-clasp-binary-binary","knights","../../libminizinc/thesis/benchmarks/minizinc-benchmarks/knights_circuit/knights_circuit.mzn","n=20;m=20;holes={}","UNKNOWN","1201.0312802100088","801114","","0","0","0","0","satisfy","123581","12569","16297","3176","/home/hbierlee/Projects/mzn-bench/results/2021-05-17-knights/raw","0","1185.7965","0","14.3157","","0.415","114706"
"mzn-sat-clasp-direct+order-binary","knights","../../libminizinc/thesis/benchmarks/minizinc-benchmarks/knights_circuit/knights_circuit.mzn","n=10;m=10;holes={}","SATISFIED","184.39125284110196","48131","","0","0","0","0","satisfy","17246","2905","2971","5125","/home/hbierlee/Projects/mzn-bench/results/2021-05-17-knights/raw","0","182.2973","0","1.82671","1","0.0423","16974"
"mzn-sat-glucose-direct-direct","knights","../../libminizinc/thesis/benchmarks/minizinc-benchmarks/knights_circuit/knights_circuit.mzn","n=22;m=22;holes={}","UNKNOWN","1201.3502318700776","","","","","","0","satisfy","3246177","","236150","47204","/home/hbierlee/Projects/mzn-bench/results/2021-05-17-knights/raw","","","","128.211999","","",""
"mzn-sat-glucose-binary-binary","knights","../../libminizinc/thesis/benchmarks/minizinc-benchmarks/knights_circuit/knights_circuit.mzn","n=16;m=16;holes={}","UNKNOWN","1201.037145732902","389041","","0","0","0","0","satisfy","62558","7099","9264","1771","/home/hbierlee/Projects/mzn-bench/results/2021-05-17-knights/raw","0","1193.1628","0","6.95642","0","0.2027","57224"
"mzn-sat-clasp-direct-order","knights","../../libminizinc/thesis/benchmarks/minizinc-benchmarks/knights_circuit/knights_circuit.mzn","n=10;m=10;holes={}","SATISFIED","8.272085750009865","387398","","0","0","0","0","satisfy","141256","10322","10165","4640","/home/hbierlee/Projects/mzn-bench/results/2021-05-17-knights/raw","0","0.3321","0","7.0024","1","0.3609","139789"
"mzn-sat-clasp-direct-direct","knights","../../libminizinc/thesis/benchmarks/minizinc-benchmarks/knights_circuit/knights_circuit.mzn","n=14;m=14;holes={}","SATISFIED","74.05388046102598","2103313","","0","0","0","0","satisfy","486657","65015","39062","12556","/home/hbierlee/Projects/mzn-bench/results/2021-05-17-knights/raw","0","50.2867","0","19.9899","1","1.8724","757481"
"mzn-sat-glucose-direct+order-order","knights","../../libminizinc/thesis/benchmarks/minizinc-benchmarks/knights_circuit/knights_circuit.mzn","n=22;m=22;holes={}","ERROR","","","MiniZinc stopped with a non-zero exit code, but did not output an error message. ","","","","","","","","","","/home/hbierlee/Projects/mzn-bench/results/2021-05-17-knights/raw","","","","","","",""
"mzn-sat-clasp-binary-binary","knights","../../libminizinc/thesis/benchmarks/minizinc-benchmarks/knights_circuit/knights_circuit.mzn","n=12;m=12;holes={}","UNKNOWN","1200.5570807859767","191054","","0","0","0","0","satisfy","33730","3924","5138","987","/home/hbierlee/Projects/mzn-bench/results/2021-05-17-knights/raw","0","1197.0587","0","3.04935","0","0.1025","30835"
"mzn-sat-lingeling-direct+order-order","knights","../../libminizinc/thesis/benchmarks/minizinc-benchmarks/knights_circuit/knights_circuit.mzn","n=20;m=20;holes={}","UNKNOWN","1201.3116558459587","","","","","","0","satisfy","2661406","","163454","35710","/home/hbierlee/Projects/mzn-bench/results/2021-05-17-knights/raw","","","","130.207","","",""
"mzn-sat-glucose-direct-binary","knights","../../libminizinc/thesis/benchmarks/minizinc-benchmarks/knights_circuit/knights_circuit.mzn","n=14;m=14;holes={}","UNKNOWN","1200.663624681998","116304","","0","0","0","0","satisfy","38130","5957","5673","13714","/home/hbierlee/Projects/mzn-bench/results/2021-05-17-knights/raw","0","1195.6507","0","4.46659","0","0.1166","40373"
"mzn-sat-lingeling-direct-binary","knights","../../libminizinc/thesis/benchmarks/minizinc-benchmarks/knights_circuit/knights_circuit.mzn","n=18;m=18;holes={}","UNKNOWN","1201.0345342620276","228162","","0","0","0","0","satisfy","75121","11144","10508","28479","/home/hbierlee/Projects/mzn-bench/results/2021-05-17-knights/raw","0","1190.2957","0","9.82495","0","0.2393","79392"
"mzn-sat-clasp-direct+order-binary","knights","../../libminizinc/thesis/benchmarks/minizinc-benchmarks/knights_circuit/knights_circuit.mzn","n=18;m=18;holes={}","UNKNOWN","1201.0302382300142","233160","","0","0","0","0","satisfy","82171","12351","12353","28479","/home/hbierlee/Projects/mzn-bench/results/2021-05-17-knights/raw","0","1189.0183","0","11.1018","0","0.2484","81891"
"mzn-sat-clasp-binary-binary","knights","../../libminizinc/thesis/benchmarks/minizinc-benchmarks/knights_circuit/knights_circuit.mzn","n=16;m=16;holes={}","UNKNOWN","1201.0026283089537","389041","","0","0","0","0","satisfy","62558","7099","9264","1771","/home/hbierlee/Projects/mzn-bench/results/2021-05-17-knights/raw","0","1193.5897","0","6.52115","0","0.2077","57224"
"mzn-sat-glucose-order-order","knights","../../libminizinc/thesis/benchmarks/minizinc-benchmarks/knights_circuit/knights_circuit.mzn","n=12;m=12;holes={}","UNKNOWN","1201.1514777550474","","","","","","0","satisfy","317179","","27580","36179","/home/hbierlee/Projects/mzn-bench/results/2021-05-17-knights/raw","","","","16.9062","","",""
"mzn-sat-clasp-direct-direct","knights","../../libminizinc/thesis/benchmarks/minizinc-benchmarks/knights_circuit/knights_circuit.mzn","n=16;m=16;holes={}","SATISFIED","455.6190478850622","3654001","","0","0","0","0","satisfy","856821","103563","66434","18578","/home/hbierlee/Projects/mzn-bench/results/2021-05-17-knights/raw","0","413.398","0","35.2838","1","3.3484","1309205"
"mzn-sat-glucose-binary-binary","knights","../../libminizinc/thesis/benchmarks/minizinc-benchmarks/knights_circuit/knights_circuit.mzn","n=14;m=14;holes={}","UNKNOWN","1200.7036165168975","288530","","0","0","0","0","satisfy","48954","5400","7116","1351","/home/hbierlee/Projects/mzn-bench/results/2021-05-17-knights/raw","0","1195.4042","0","4.71085","0","0.154","44873"
"mzn-sat-lingeling-direct-order","knights","../../libminizinc/thesis/benchmarks/minizinc-benchmarks/knights_circuit/knights_circuit.mzn","n=16;m=16;holes={}","SATISFIED","206.7108967481181","2926790","","0","0","0","0","satisfy","1046416","66878","66181","18578","/home/hbierlee/Projects/mzn-bench/results/2021-05-17-knights/raw","0","147.0619","0","51.4306","2","3.3383","1043269"
"mzn-sat-lingeling-direct-order","knights","../../libminizinc/thesis/benchmarks/minizinc-benchmarks/knights_circuit/knights_circuit.mzn","n=10;m=10;holes={}","SATISFIED","9.511962595861405","387398","","0","0","0","0","satisfy","141256","10322","10165","4640","/home/hbierlee/Projects/mzn-bench/results/2021-05-17-knights/raw","0","1.0808","0","7.2877","2","0.4061","139789"
"mzn-sat-clasp-direct-direct","knights","../../libminizinc/thesis/benchmarks/minizinc-benchmarks/knights_circuit/knights_circuit.mzn","n=22;m=22;holes={}","UNKNOWN","1201.361701718066","","","","","","0","satisfy","3246177","","236150","47204","/home/hbierlee/Projects/mzn-bench/results/2021-05-17-knights/raw","","","","131.615","","",""
"mzn-sat-glucose-direct-order","knights","../../libminizinc/thesis/benchmarks/minizinc-benchmarks/knights_circuit/knights_circuit.mzn","n=08;m=08;holes={}","SATISFIED","3.359534664079547","142022","","0","0","0","0","satisfy","52816","4222","4165","2362","/home/hbierlee/Projects/mzn-bench/results/2021-05-17-knights/raw","0","0.0634","0","2.8223","2","0.2165","51781"
"mzn-sat-lingeling-direct-order","knights","../../libminizinc/thesis/benchmarks/minizinc-benchmarks/knights_circuit/knights_circuit.mzn","n=12;m=12;holes={}","SATISFIED","24.889150283066556","858438","","0","0","0","0","satisfy","309904","21326","21029","7974","/home/hbierlee/Projects/mzn-bench/results/2021-05-17-knights/raw","0","7.3808","0","15.203","2","0.8762","307941"
"mzn-sat-lingeling-direct+order-order","knights","../../libminizinc/thesis/benchmarks/minizinc-benchmarks/knights_circuit/knights_circuit.mzn","n=22;m=22;holes={}","ERROR","","","MiniZinc stopped with a non-zero exit code, but did not output an error message. ","","","","","","","","","","/home/hbierlee/Projects/mzn-bench/results/2021-05-17-knights/raw","","","","","","",""
"mzn-sat-glucose-order-order","knights","../../libminizinc/thesis/benchmarks/minizinc-benchmarks/knights_circuit/knights_circuit.mzn","n=16;m=16;holes={}","UNKNOWN","1201.1921878629364","","","","","","0","satisfy","1063735","","82088","89195","/home/hbierlee/Projects/mzn-bench/results/2021-05-17-knights/raw","","","","55.7429","","",""
"mzn-sat-lingeling-binary-binary","knights","../../libminizinc/thesis/benchmarks/minizinc-benchmarks/knights_circuit/knights_circuit.mzn","n=14;m=14;holes={}","UNKNOWN","1200.8138336308766","288530","","0","0","0","0","satisfy","48954","5400","7116","1351","/home/hbierlee/Projects/mzn-bench/results/2021-05-17-knights/raw","0","1195.2549","0","4.85829","0","0.1587","44873"
"mzn-sat-clasp-direct-order","knights","../../libminizinc/thesis/benchmarks/minizinc-benchmarks/knights_circuit/knights_circuit.mzn","n=18;m=18;holes={}","SATISFIED","423.73305956088006","4800582","","0","0","0","0","satisfy","1711816","106802","105845","26232","/home/hbierlee/Projects/mzn-bench/results/2021-05-17-knights/raw","0","328.868","0","81.8556","1","5.1424","1707981"
"mzn-sat-lingeling-order-order","knights","../../libminizinc/thesis/benchmarks/minizinc-benchmarks/knights_circuit/knights_circuit.mzn","n=14;m=14;holes={}","UNKNOWN","1201.1859141550958","","","","","","0","satisfy","608181","","49426","58787","/home/hbierlee/Projects/mzn-bench/results/2021-05-17-knights/raw","","","","31.4212","","",""
"mzn-sat-clasp-direct-order","knights","../../libminizinc/thesis/benchmarks/minizinc-benchmarks/knights_circuit/knights_circuit.mzn","n=12;m=12;holes={}","SATISFIED","18.933868570951745","858438","","0","0","0","0","satisfy","309904","21326","21029","7974","/home/hbierlee/Projects/mzn-bench/results/2021-05-17-knights/raw","0","1.3193","0","15.3108","1","0.8995","307941"
"mzn-sat-lingeling-binary-binary","knights","../../libminizinc/thesis/benchmarks/minizinc-benchmarks/knights_circuit/knights_circuit.mzn","n=20;m=20;holes={}","UNKNOWN","1201.0432886108756","801114","","0","0","0","0","satisfy","123581","12569","16297","3176","/home/hbierlee/Projects/mzn-bench/results/2021-05-17-knights/raw","0","1185.4536","0","14.6694","","0.3816","114706"
"mzn-sat-glucose-direct-binary","knights","../../libminizinc/thesis/benchmarks/minizinc-benchmarks/knights_circuit/knights_circuit.mzn","n=16;m=16;holes={}","UNKNOWN","1200.8272468501236","142159","","0","0","0","0","satisfy","46525","7929","7485","20096","/home/hbierlee/Projects/mzn-bench/results/2021-05-17-knights/raw","0","1193.4577","0","6.66312","0","0.148","49716"
"mzn-sat-lingeling-order-order","knights","../../libminizinc/thesis/benchmarks/minizinc-benchmarks/knights_circuit/knights_circuit.mzn","n=16;m=16;holes={}","UNKNOWN","1201.2005029539578","","","","","","0","satisfy","1063735","","82088","89195","/home/hbierlee/Projects/mzn-bench/results/2021-05-17-knights/raw","","","","54.8373","","",""
"mzn-sat-clasp-binary-binary","knights","../../libminizinc/thesis/benchmarks/minizinc-benchmarks/knights_circuit/knights_circuit.mzn","n=14;m=14;holes={}","UNKNOWN","1200.7398509678897","288530","","0","0","0","0","satisfy","48954","5400","7116","1351","/home/hbierlee/Projects/mzn-bench/results/2021-05-17-knights/raw","0","1195.4002","0","4.71206","0","0.1549","44873"
"mzn-sat-clasp-direct+order-order","knights","../../libminizinc/thesis/benchmarks/minizinc-benchmarks/knights_circuit/knights_circuit.mzn","n=18;m=18;holes={}","SATISFIED","477.0413128361106","4805580","","0","0","0","0","satisfy","1718866","108009","107690","26232","/home/hbierlee/Projects/mzn-bench/results/2021-05-17-knights/raw","0","372.1349","0","87.1598","1","5.2124","1710480"
"mzn-sat-lingeling-direct-order","knights","../../libminizinc/thesis/benchmarks/minizinc-benchmarks/knights_circuit/knights_circuit.mzn","n=18;m=18;holes={}","SATISFIED","1054.692381696077","4800582","","0","0","0","0","satisfy","1711816","106802","105845","26232","/home/hbierlee/Projects/mzn-bench/results/2021-05-17-knights/raw","0","959.296","0","81.8176","2","5.1355","1707981"
"mzn-sat-glucose-binary-binary","knights","../../libminizinc/thesis/benchmarks/minizinc-benchmarks/knights_circuit/knights_circuit.mzn","n=20;m=20;holes={}","UNKNOWN","1201.04963527387","801114","","0","0","0","0","satisfy","123581","12569","16297","3176","/home/hbierlee/Projects/mzn-bench/results/2021-05-17-knights/raw","0","1185.6137","0","14.5154","","0.4325","114706"
"mzn-sat-glucose-direct+order-binary","knights","../../libminizinc/thesis/benchmarks/minizinc-benchmarks/knights_circuit/knights_circuit.mzn","n=20;m=20;holes={}","UNKNOWN","1201.0380545849912","287052","","0","0","0","0","satisfy","100373","15407","15373","38489","/home/hbierlee/Projects/mzn-bench/results/2021-05-17-knights/raw","0","1185.6128","0","14.5077","","0.3119","100121"
"mzn-sat-glucose-direct-order","knights","../../libminizinc/thesis/benchmarks/minizinc-benchmarks/knights_circuit/knights_circuit.mzn","n=22;m=22;holes={}","ERROR","","","MiniZinc stopped with a non-zero exit code, but did not output an error message. ","","","","","","","","","","/home/hbierlee/Projects/mzn-bench/results/2021-05-17-knights/raw","","","","","","",""
"mzn-sat-lingeling-direct+order-binary","knights","../../libminizinc/thesis/benchmarks/minizinc-benchmarks/knights_circuit/knights_circuit.mzn","n=20;m=20;holes={}","UNKNOWN","1201.0418901799712","287052","","0","0","0","0","satisfy","100373","15407","15373","38489","/home/hbierlee/Projects/mzn-bench/results/2021-05-17-knights/raw","0","1184.6424","0","15.4812","","0.3121","100121"
"mzn-sat-clasp-direct+order-order","knights","../../libminizinc/thesis/benchmarks/minizinc-benchmarks/knights_circuit/knights_circuit.mzn","n=08;m=08;holes={}","SATISFIED","3.634418347850442","142820","","0","0","0","0","satisfy","53806","4429","4430","2362","/home/hbierlee/Projects/mzn-bench/results/2021-05-17-knights/raw","0","0.0899","0","3.09688","1","0.2118","52180"
"mzn-sat-glucose-direct-direct","knights","../../libminizinc/thesis/benchmarks/minizinc-benchmarks/knights_circuit/knights_circuit.mzn","n=12;m=12;holes={}","SATISFIED","67.58869773708284","1102589","","0","0","0","0","satisfy","251557","37541","21170","7974","/home/hbierlee/Projects/mzn-bench/results/2021-05-17-knights/raw","0","55.1899","0","10.3975","2","0.968","399339"
"mzn-sat-lingeling-direct+order-binary","knights","../../libminizinc/thesis/benchmarks/minizinc-benchmarks/knights_circuit/knights_circuit.mzn","n=18;m=18;holes={}","UNKNOWN","1201.0385262288619","233160","","0","0","0","0","satisfy","82171","12351","12353","28479","/home/hbierlee/Projects/mzn-bench/results/2021-05-17-knights/raw","0","1188.7444","0","11.3774","","0.2384","81891"
"mzn-sat-glucose-direct+order-order","knights","../../libminizinc/thesis/benchmarks/minizinc-benchmarks/knights_circuit/knights_circuit.mzn","n=16;m=16;holes={}","SATISFIED","138.45136420219205","2930660","","0","0","0","0","satisfy","1051822","67821","67598","18578","/home/hbierlee/Projects/mzn-bench/results/2021-05-17-knights/raw","0","78.2881","0","51.9925","2","3.2582","1045204"
"mzn-sat-clasp-direct+order-order","knights","../../libminizinc/thesis/benchmarks/minizinc-benchmarks/knights_circuit/knights_circuit.mzn","n=10;m=10;holes={}","SATISFIED","8.66221295692958","388748","","0","0","0","0","satisfy","143026","10665","10634","4640","/home/hbierlee/Projects/mzn-bench/results/2021-05-17-knights/raw","0","0.1859","0","7.46023","1","0.3628","140464"
"mzn-sat-glucose-direct-binary","knights","../../libminizinc/thesis/benchmarks/minizinc-benchmarks/knights_circuit/knights_circuit.mzn","n=20;m=20;holes={}","UNKNOWN","1201.043498664163","280782","","0","0","0","0","satisfy","91463","13904","13044","38489","/home/hbierlee/Projects/mzn-bench/results/2021-05-17-knights/raw","0","1187.072","0","13.0531","","0.2997","96986"
"mzn-sat-clasp-direct-direct","knights","../../libminizinc/thesis/benchmarks/minizinc-benchmarks/knights_circuit/knights_circuit.mzn","n=20;m=20;holes={}","UNKNOWN","1201.2932707308792","","","","","","0","satisfy","2183589","","161522","35710","/home/hbierlee/Projects/mzn-bench/results/2021-05-17-knights/raw","","","","87.5219","","",""
"mzn-sat-glucose-direct-binary","knights","../../libminizinc/thesis/benchmarks/minizinc-benchmarks/knights_circuit/knights_circuit.mzn","n=18;m=18;holes={}","UNKNOWN","1201.0357247372158","228162","","0","0","0","0","satisfy","75121","11144","10508","28479","/home/hbierlee/Projects/mzn-bench/results/2021-05-17-knights/raw","0","1190.2251","0","9.89731","0","0.2384","79392"
"mzn-sat-lingeling-direct-binary","knights","../../libminizinc/thesis/benchmarks/minizinc-benchmarks/knights_circuit/knights_circuit.mzn","n=16;m=16;holes={}","UNKNOWN","1200.8055446879007","142159","","0","0","0","0","satisfy","46525","7929","7485","20096","/home/hbierlee/Projects/mzn-bench/results/2021-05-17-knights/raw","0","1193.5238","0","6.59379","0","0.1498","49716"
"mzn-sat-lingeling-direct+order-order","knights","../../libminizinc/thesis/benchmarks/minizinc-benchmarks/knights_circuit/knights_circuit.mzn","n=14;m=14;holes={}","SATISFIED","63.00131958699785","1665164","","0","0","0","0","satisfy","600562","40057","39914","12556","/home/hbierlee/Projects/mzn-bench/results/2021-05-17-knights/raw","0","28.6165","0","29.9256","2","1.7444","595504"
"mzn-sat-lingeling-direct+order-order","knights","../../libminizinc/thesis/benchmarks/minizinc-benchmarks/knights_circuit/knights_circuit.mzn","n=12;m=12;holes={}","SATISFIED","25.72096498007886","860484","","0","0","0","0","satisfy","312670","21837","21758","7974","/home/hbierlee/Projects/mzn-bench/results/2021-05-17-knights/raw","0","7.572","0","15.7625","2","0.8735","308964"
"mzn-sat-clasp-direct+order-binary","knights","../../libminizinc/thesis/benchmarks/minizinc-benchmarks/knights_circuit/knights_circuit.mzn","n=20;m=20;holes={}","UNKNOWN","1201.0353316860273","287052","","0","0","0","0","satisfy","100373","15407","15373","38489","/home/hbierlee/Projects/mzn-bench/results/2021-05-17-knights/raw","0","1185.248","0","14.8761","","0.2972","100121"
"mzn-sat-glucose-order-order","knights","../../libminizinc/thesis/benchmarks/minizinc-benchmarks/knights_circuit/knights_circuit.mzn","n=14;m=14;holes={}","UNKNOWN","1201.1752496110275","","","","","","0","satisfy","608181","","49426","58787","/home/hbierlee/Projects/mzn-bench/results/2021-05-17-knights/raw","","","","31.7897","","",""
"mzn-sat-glucose-direct-direct","knights","../../libminizinc/thesis/benchmarks/minizinc-benchmarks/knights_circuit/knights_circuit.mzn","n=14;m=14;holes={}","SATISFIED","714.5626465750393","2103313","","0","0","0","0","satisfy","486657","65015","39062","12556","/home/hbierlee/Projects/mzn-bench/results/2021-05-17-knights/raw","0","690.6242","0","20.0119","2","1.8609","757481"
"mzn-sat-lingeling-binary-binary","knights","../../libminizinc/thesis/benchmarks/minizinc-benchmarks/knights_circuit/knights_circuit.mzn","n=18;m=18;holes={}","UNKNOWN","1201.0374689090531","620670","","0","0","0","0","satisfy","98596","10126","13178","2568","/home/hbierlee/Projects/mzn-bench/results/2021-05-17-knights/raw","0","1189.1964","0","10.9278","","0.3378","91441"
"mzn-sat-glucose-order-order","knights","../../libminizinc/thesis/benchmarks/minizinc-benchmarks/knights_circuit/knights_circuit.mzn","n=08;m=08;holes={}","SATISFIED","5.0047152519691736","271995","","0","0","0","0","satisfy","54879","26240","5968","9755","/home/hbierlee/Projects/mzn-bench/results/2021-05-17-knights/raw","0","1.0939","0","3.27896","2","0.3293","94380"
"mzn-sat-lingeling-direct+order-binary","knights","../../libminizinc/thesis/benchmarks/minizinc-benchmarks/knights_circuit/knights_circuit.mzn","n=22;m=22;holes={}","UNKNOWN","1201.0472766088787","359886","","0","0","0","0","satisfy","121779","18799","18721","50571","/home/hbierlee/Projects/mzn-bench/results/2021-05-17-knights/raw","0","1179.9089","0","20.2161","","0.3717","121563"
"mzn-sat-glucose-order-order","knights","../../libminizinc/thesis/benchmarks/minizinc-benchmarks/knights_circuit/knights_circuit.mzn","n=18;m=18;holes={}","UNKNOWN","1201.2370689979289","","","","","","0","satisfy","1736449","","128638","128555","/home/hbierlee/Projects/mzn-bench/results/2021-05-17-knights/raw","","","","88.5693","","",""
"mzn-sat-glucose-direct+order-order","knights","../../libminizinc/thesis/benchmarks/minizinc-benchmarks/knights_circuit/knights_circuit.mzn","n=14;m=14;holes={}","SATISFIED","45.714322166051716","1665164","","0","0","0","0","satisfy","600562","40057","39914","12556","/home/hbierlee/Projects/mzn-bench/results/2021-05-17-knights/raw","0","10.9221","0","30.3581","2","1.7424","595504"
"mzn-sat-clasp-direct-binary","knights","../../libminizinc/thesis/benchmarks/minizinc-benchmarks/knights_circuit/knights_circuit.mzn","n=22;m=22;holes={}","UNKNOWN","1201.048591363011","352200","","0","0","0","0","satisfy","110793","16968","15852","50571","/home/hbierlee/Projects/mzn-bench/results/2021-05-17-knights/raw","0","1182.9631","0","17.165","","0.357","117720"
"mzn-sat-lingeling-direct-direct","knights","../../libminizinc/thesis/benchmarks/minizinc-benchmarks/knights_circuit/knights_circuit.mzn","n=22;m=22;holes={}","UNKNOWN","1201.3380857990123","","","","","","0","satisfy","3246177","","236150","47204","/home/hbierlee/Projects/mzn-bench/results/2021-05-17-knights/raw","","","","128.491","","",""
"mzn-sat-glucose-direct+order-binary","knights","../../libminizinc/thesis/benchmarks/minizinc-benchmarks/knights_circuit/knights_circuit.mzn","n=08;m=08;holes={}","SATISFIED","1.1709211580455303","21998","","0","0","0","0","satisfy","8132","1562","1624","2606","/home/hbierlee/Projects/mzn-bench/results/2021-05-17-knights/raw","0","0.0931","0","0.954633","2","0.0169","7892"
"mzn-sat-glucose-direct-binary","knights","../../libminizinc/thesis/benchmarks/minizinc-benchmarks/knights_circuit/knights_circuit.mzn","n=08;m=08;holes={}","SATISFIED","1.1327139809727669","21200","","0","0","0","0","satisfy","7142","1355","1359","2606","/home/hbierlee/Projects/mzn-bench/results/2021-05-17-knights/raw","0","0.2351","0","0.778211","2","0.0219","7493"
"mzn-sat-clasp-direct+order-binary","knights","../../libminizinc/thesis/benchmarks/minizinc-benchmarks/knights_circuit/knights_circuit.mzn","n=22;m=22;holes={}","UNKNOWN","1201.0485728289932","359886","","0","0","0","0","satisfy","121779","18799","18721","50571","/home/hbierlee/Projects/mzn-bench/results/2021-05-17-knights/raw","0","1179.616","0","20.5058","","0.3924","121563"
"mzn-sat-lingeling-direct-direct","knights","../../libminizinc/thesis/benchmarks/minizinc-benchmarks/knights_circuit/knights_circuit.mzn","n=18;m=18;holes={}","UNKNOWN","1201.2242629490793","","","","","","0","satisfy","1405825","","106166","26232","/home/hbierlee/Projects/mzn-bench/results/2021-05-17-knights/raw","","","","56.503","","",""
"mzn-sat-glucose-direct-direct","knights","../../libminizinc/thesis/benchmarks/minizinc-benchmarks/knights_circuit/knights_circuit.mzn","n=18;m=18;holes={}","UNKNOWN","1201.2160606349353","","","","","","0","satisfy","1405825","","106166","26232","/home/hbierlee/Projects/mzn-bench/results/2021-05-17-knights/raw","","","","57.0252","","",""
"mzn-sat-lingeling-order-order","knights","../../libminizinc/thesis/benchmarks/minizinc-benchmarks/knights_circuit/knights_circuit.mzn","n=12;m=12;holes={}","UNKNOWN","1201.1670101820491","","","","","","0","satisfy","317179","","27580","36179","/home/hbierlee/Projects/mzn-bench/results/2021-05-17-knights/raw","","","","16.9843","","",""
"mzn-sat-clasp-direct+order-binary","knights","../../libminizinc/thesis/benchmarks/minizinc-benchmarks/knights_circuit/knights_circuit.mzn","n=12;m=12;holes={}","SATISFIED","35.53562248987146","82039","","0","0","0","0","satisfy","29726","4776","4838","8820","/home/hbierlee/Projects/mzn-bench/results/2021-05-17-knights/raw","0","31.9101","0","3.26613","1","0.0818","29430"
"mzn-sat-glucose-direct-direct","knights","../../libminizinc/thesis/benchmarks/minizinc-benchmarks/knights_circuit/knights_circuit.mzn","n=20;m=20;holes={}","UNKNOWN","1201.2740157840308","","","","","","0","satisfy","2183589","","161522","35710","/home/hbierlee/Projects/mzn-bench/results/2021-05-17-knights/raw","","","","86.683","","",""
"mzn-sat-clasp-direct-binary","knights","../../libminizinc/thesis/benchmarks/minizinc-benchmarks/knights_circuit/knights_circuit.mzn","n=18;m=18;holes={}","UNKNOWN","1201.0358866278548","228162","","0","0","0","0","satisfy","75121","11144","10508","28479","/home/hbierlee/Projects/mzn-bench/results/2021-05-17-knights/raw","0","1190.1942","0","9.92784","0","0.243","79392"
"mzn-sat-glucose-direct+order-binary","knights","../../libminizinc/thesis/benchmarks/minizinc-benchmarks/knights_circuit/knights_circuit.mzn","n=12;m=12;holes={}","UNKNOWN","1200.541126837954","82039","","0","0","0","0","satisfy","29726","4776","4838","8820","/home/hbierlee/Projects/mzn-bench/results/2021-05-17-knights/raw","0","1196.8909","0","3.22588","0","0.0818","29430"
"mzn-sat-clasp-direct-binary","knights","../../libminizinc/thesis/benchmarks/minizinc-benchmarks/knights_circuit/knights_circuit.mzn","n=10;m=10;holes={}","SATISFIED","33.83467769320123","46781","","0","0","0","0","satisfy","15476","2562","2502","5125","/home/hbierlee/Projects/mzn-bench/results/2021-05-17-knights/raw","0","31.8433","0","1.84198","1","0.0444","16299"
"mzn-sat-glucose-binary-binary","knights","../../libminizinc/thesis/benchmarks/minizinc-benchmarks/knights_circuit/knights_circuit.mzn","n=10;m=10;holes={}","UNKNOWN","1200.382903483929","103643","","0","0","0","0","satisfy","19275","2354","3150","582","/home/hbierlee/Projects/mzn-bench/results/2021-05-17-knights/raw","0","1198.3766","0","1.73627","0","0.0506","17372"
"mzn-sat-lingeling-direct+order-order","knights","../../libminizinc/thesis/benchmarks/minizinc-benchmarks/knights_circuit/knights_circuit.mzn","n=08;m=08;holes={}","SATISFIED","3.6660219188779593","142820","","0","0","0","0","satisfy","53806","4429","4430","2362","/home/hbierlee/Projects/mzn-bench/results/2021-05-17-knights/raw","0","0.18","0","3.06431","2","0.2065","52180"
"mzn-sat-lingeling-binary-binary","knights","../../libminizinc/thesis/benchmarks/minizinc-benchmarks/knights_circuit/knights_circuit.mzn","n=08;m=08;holes={}","UNKNOWN","1200.2643063499127","44906","","0","0","0","0","satisfy","8944","1260","1704","305","/home/hbierlee/Projects/mzn-bench/results/2021-05-17-knights/raw","0","1199.2596","0","0.852601","0","0.0195","7847"
"mzn-sat-clasp-direct+order-order","knights","../../libminizinc/thesis/benchmarks/minizinc-benchmarks/knights_circuit/knights_circuit.mzn","n=14;m=14;holes={}","SATISFIED","40.88100933097303","1665164","","0","0","0","0","satisfy","600562","40057","39914","12556","/home/hbierlee/Projects/mzn-bench/results/2021-05-17-knights/raw","0","6.1619","0","30.186","1","1.7366","595504"
"mzn-sat-glucose-direct+order-binary","knights","../../libminizinc/thesis/benchmarks/minizinc-benchmarks/knights_circuit/knights_circuit.mzn","n=16;m=16;holes={}","UNKNOWN","1200.842628790997","146029","","0","0","0","0","satisfy","51931","8872","8902","20096","/home/hbierlee/Projects/mzn-bench/results/2021-05-17-knights/raw","0","1192.7977","0","7.32195","0","0.2024","51651"
"mzn-sat-clasp-direct-binary","knights","../../libminizinc/thesis/benchmarks/minizinc-benchmarks/knights_circuit/knights_circuit.mzn","n=14;m=14;holes={}","UNKNOWN","1200.6627051190007","116304","","0","0","0","0","satisfy","38130","5957","5673","13714","/home/hbierlee/Projects/mzn-bench/results/2021-05-17-knights/raw","0","1195.5397","0","4.57799","0","0.1163","40373"
"mzn-sat-glucose-direct+order-order","knights","../../libminizinc/thesis/benchmarks/minizinc-benchmarks/knights_circuit/knights_circuit.mzn","n=10;m=10;holes={}","SATISFIED","9.018170902971178","388748","","0","0","0","0","satisfy","143026","10665","10634","4640","/home/hbierlee/Projects/mzn-bench/results/2021-05-17-knights/raw","0","0.5086","0","7.54964","2","0.3696","140464"
