"configuration","problem","model","data_file","status","time","failures","restarts","nSolutions","solveTime","optTime","variables","baseMem","processFlatZincTime","flatIntConstraints","peakMem","randomSeed","run","flatTime","method","peakDepth","propagations","flatIntVars","solutions","flatBoolVars","backjumps","initTime","trailMem","boolVariables","evaluatedReifiedConstraints","nogoods","flatBoolConstraints","objective","intVars","paths","propagators","nodes"
"gecode","jsswet","jsswet.mzn","jsswet_swv13.dzn","UNKNOWN","600.0609840120305","1490967","0","0","599.882","","651","","","612","","","raw","0.114489","minimize","231","375667512","651","0","","","0.00426","","","","","","","","0","612","2982148"
"picat_sat","jsswet","jsswet.mzn","jsswet_la23.dzn","OPTIMAL_SOLUTION","159.58391371800099","","","8","159.2400282979943","","","","0.21094042000669985","2282","","","raw","0.132945","minimize","","","196","","2100","","","","","2100","","1050","71","","0","",""
"gecode","jsswet","jsswet.mzn","jsswet_la18.dzn","OPTIMAL_SOLUTION","16.582344190974254","18537","0","3541","15.4653","","131","","","132","","","raw","0.053746","minimize","74","1044201","131","3541","","","0.001269","","","","","","0","","0","132","104099"
"gecode","jsswet","jsswet.mzn","jsswet_swv02.dzn","SATISFIED","600.0434732729918","5567327","0","230","599.929","","261","","","252","","","raw","0.065388","minimize","138","249895775","261","230","","","0.002042","","","","","","15786","","0","252","11138124"
"picat_sat","jsswet","jsswet.mzn","jsswet_la22.dzn","OPTIMAL_SOLUTION","140.07246381801087","","","8","139.72857839800417","","","","0.20884342000669986","2282","","","raw","0.135042","minimize","","","196","","2100","","","","","2100","","1050","41","","0","",""
"gecode","jsswet","jsswet.mzn","jsswet_orb03.dzn","SATISFIED","600.0441397450049","15549663","0","65","599.94","","131","","","132","","","raw","0.054477","minimize","68","586754338","131","65","","","0.001314","","","","","","8226","","0","132","31100693"
"gecode","jsswet","jsswet.mzn","jsswet_vw3x3.dzn","OPTIMAL_SOLUTION","0.47927358601009473","354","0","286","0.046566","","19","","","20","","","raw","0.044346","minimize","11","10627","19","286","","","0.000516","","","","","","0","","0","20","1472"
"gecode","jsswet","jsswet.mzn","jsswet_la02.dzn","OPTIMAL_SOLUTION","10.297194771002978","37312","0","2424","9.74394","","81","","","77","","","raw","0.049739","minimize","52","4679800","81","2424","","","0.000885","","","","","","75","","0","77","107987"
"gecode","jsswet","jsswet.mzn","jsswet_la30.dzn","SATISFIED","600.0470408169786","1726542","0","1926","599.929","","261","","","252","","","raw","0.065631","minimize","159","293881509","261","1926","","","0.002108","","","","","","15987","","0","252","3523132"
"picat_sat","jsswet","jsswet.mzn","jsswet_la38.dzn","OPTIMAL_SOLUTION","182.8742121999967","","","10","182.53032677999","","","","0.14936542000669986","3407","","","raw","0.19452","minimize","","","271","","3150","","","","","3150","","1575","0","","0","",""
"chuffed","jsswet","jsswet.mzn","jsswet_la01.dzn","OPTIMAL_SOLUTION","0.6104452260187827","432","39","36","0.374","0.374","112924","0.0","","77","0.0","1630368723","raw","0.049796","minimize","435","509912","81","","","2616","0.113","0.94","112840","","432","","127","82","0","544","8711"
"picat_sat","jsswet","jsswet.mzn","jsswet_la31.dzn","SATISFIED","600.2812231950229","","","2","599.9373377750162","","","","-0.07175957999330013","9062","","","raw","0.415645","minimize","","","391","","8700","","","","","8700","","4350","27573","","0","",""
"gecode","jsswet","jsswet.mzn","jsswet_abz6.dzn","SATISFIED","600.0423885250348","19824058","0","1535","599.929","","131","","","132","","","raw","0.065317","minimize","74","1552069487","131","1535","","","0.001124","","","","","","1277","","0","132","39681663"
"chuffed","jsswet","jsswet.mzn","jsswet_la33.dzn","SATISFIED","600.0740334650036","","","84","","","","","","372","","","raw","0.087157","minimize","","","391","","","","","","","","","","16073","","0","",""
"picat_sat","jsswet","jsswet.mzn","jsswet_la36.dzn","OPTIMAL_SOLUTION","156.64266526600113","","","9","156.29877984599443","","","","0.12566842000669987","3407","","","raw","0.218217","minimize","","","271","","3150","","","","","3150","","1575","0","","0","",""
"chuffed","jsswet","jsswet.mzn","jsswet_la29.dzn","OPTIMAL_SOLUTION","0.524872071982827","554","7","4","0.38","0.379","53790","0.0","","252","0.0","1630369796","raw","0.068054","minimize","580","2562478","261","","","9760","0.012","3.16","53526","","554","","27","262","0","4084","12172"
"gecode","jsswet","jsswet.mzn","jsswet_swv11.dzn","UNKNOWN","600.056431992969","1909132","0","0","599.88","","651","","","612","","","raw","0.115365","minimize","233","368399759","651","0","","","0.004437","","","","","","","","0","612","3818482"
"picat_sat","jsswet","jsswet.mzn","jsswet_swv12.dzn","UNKNOWN","600.5700150899938","","","0","","","","","","25102","","","raw","1.0896","minimize","","","651","","24500","","","","","24500","","12250","","","0","",""
"chuffed","jsswet","jsswet.mzn","jsswet_la32.dzn","SATISFIED","600.0812867729692","","","59","","","","","","372","","","raw","0.088674","minimize","","","391","","","","","","","","","","28577","","0","",""
"picat_sat","jsswet","jsswet.mzn","jsswet_swv06.dzn","SATISFIED","600.1744668220053","","","7","599.8305814019986","","","","0.05971142000669988","6042","","","raw","0.284174","minimize","","","361","","5700","","","","","5700","","2850","205","","0","",""
"gecode","jsswet","jsswet.mzn","jsswet_la06.dzn","SATISFIED","600.0433629010222","5590021","0","6276","599.941","","121","","","112","","","raw","0.053646","minimize","89","858454890","120","6276","","","0.001112","","","","","","3513","","0","111","11278430"
"chuffed","jsswet","jsswet.mzn","jsswet_vw3x3.dzn","OPTIMAL_SOLUTION","0.2488702000118792","22","96","96","0.057","0.057","9555","0.0","","20","0.0","1630371707","raw","0.043763","minimize","134","20078","19","","","72","0.008","0.05","9533","","22","","0","20","0","46","1960"
"chuffed","jsswet","jsswet.mzn","jsswet_swv14.dzn","UNKNOWN","600.1764275060268","","","0","","","","","","612","","","raw","0.118212","minimize","","","651","","","","","","","","","","","","0","",""
"gecode","jsswet","jsswet.mzn","jsswet_la26.dzn","SATISFIED","600.0459020670387","3563599","0","708","599.927","","261","","","252","","","raw","0.067262","minimize","145","308577876","261","708","","","0.002123","","","","","","9836","","0","252","7151361"
"picat_sat","jsswet","jsswet.mzn","jsswet_orb03.dzn","OPTIMAL_SOLUTION","86.09002761798911","","","8","85.74614219798241","","","","0.2558444200066999","1022","","","raw","0.088041","minimize","","","131","","900","","","","","900","","450","69","","0","",""
"picat_sat","jsswet","jsswet.mzn","jsswet_la33.dzn","SATISFIED","600.2862282999558","","","2","599.9423428799491","","","","-0.08308257999330015","9062","","","raw","0.426968","minimize","","","391","","8700","","","","","8700","","4350","28256","","0","",""
"chuffed","jsswet","jsswet.mzn","jsswet_la06.dzn","OPTIMAL_SOLUTION","0.45949610898969695","267","26","24","0.307","0.307","53607","0.0","","112","0.0","1630368796","raw","0.056898","minimize","284","541095","120","","","3209","0.031","0.94","53484","","267","","67","121","0","1184","7125"
"gecode","jsswet","jsswet.mzn","jsswet_ft06.dzn","OPTIMAL_SOLUTION","0.4905070629902184","439","0","182","0.079405","","55","","","56","","","raw","0.053046","minimize","27","18186","55","182","","","0.000844","","","","","","2","","0","56","2004"
"gecode","jsswet","jsswet.mzn","jsswet_la25.dzn","SATISFIED","600.0506837170105","12901656","0","2361","599.936","","196","","","192","","","raw","0.058896","minimize","111","900966444","196","2361","","","0.001672","","","","","","1080","","0","192","25828546"
"gecode","jsswet","jsswet.mzn","jsswet_la33.dzn","UNKNOWN","600.0492582030129","5302807","0","0","599.905","","391","","","372","","","raw","0.090177","minimize","173","638376503","391","0","","","0.003022","","","","","","","","0","372","10605745"
"gecode","jsswet","jsswet.mzn","jsswet_la22.dzn","SATISFIED","600.0433962320094","3365831","0","741","599.939","","196","","","192","","","raw","0.055574","minimize","106","504153018","196","741","","","0.001575","","","","","","2894","","0","192","6740673"
"chuffed","jsswet","jsswet.mzn","jsswet_orb03.dzn","OPTIMAL_SOLUTION","16.42054347600788","8517","835","804","16.258","16.257","94912","0.0","","132","0.0","1630370605","raw","0.057289","minimize","341","20828704","131","","","13567","0.015","0.94","94778","","8517","","69","132","0","1054","237694"
"chuffed","jsswet","jsswet.mzn","jsswet_swv10.dzn","OPTIMAL_SOLUTION","361.3613923980156","239670","1269","758","360.929","360.916","573319","0.0","","357","0.0","1630371316","raw","0.08709","minimize","8513","1887021273","361","","","504509","0.017","81.1","572955","","239670","","28","362","0","6094","1466107"
"picat_sat","jsswet","jsswet.mzn","jsswet_la03.dzn","OPTIMAL_SOLUTION","69.8826263169758","","","5","69.5387408969691","","","","0.2784364200066999","522","","","raw","0.065449","minimize","","","81","","450","","","","","450","","225","101","","0","",""
"gecode","jsswet","jsswet.mzn","jsswet_swv12.dzn","UNKNOWN","600.058820219012","2847617","0","0","599.879","","651","","","612","","","raw","0.116145","minimize","274","413512388","651","0","","","0.004415","","","","","","","","0","612","5695466"
"chuffed","jsswet","jsswet.mzn","jsswet_la23.dzn","OPTIMAL_SOLUTION","5.4185914769768715","879","285","279","5.266","5.265","92597","0.0","","192","0.0","1630369422","raw","0.061747","minimize","458","6078569","196","","","8449","0.015","2.11","92398","","879","","71","197","0","2319","109136"
"picat_sat","jsswet","jsswet.mzn","jsswet_yn4.dzn","OPTIMAL_SOLUTION","542.1453678919934","","","9","541.8014824719867","","","","-0.017001579993300153","8042","","","raw","0.360887","minimize","","","460","","7600","","","","","7600","","3800","35","","0","",""
"picat_sat","jsswet","jsswet.mzn","jsswet_swv01.dzn","OPTIMAL_SOLUTION","410.2412190719624","","","10","409.8973336519557","","","","0.14014142000669985","4042","","","raw","0.203744","minimize","","","261","","3800","","","","","3800","","1900","99","","0","",""
"chuffed","jsswet","jsswet.mzn","jsswet_abz9.dzn","SATISFIED","600.0578190429951","","","1039","","","","","","357","","","raw","0.095455","minimize","","","361","","","","","","","","","","1638","","0","",""
"chuffed","jsswet","jsswet.mzn","jsswet_abz5.dzn","OPTIMAL_SOLUTION","1.192706142028328","342","125","123","1.05","1.049","51877","0.0","","132","0.0","1630368721","raw","0.069021","minimize","289","1467149","131","","","7639","0.007","0.94","51743","","342","","103","132","0","1054","36318"
"picat_sat","jsswet","jsswet.mzn","jsswet_swv08.dzn","SATISFIED","600.2239558310248","","","6","599.8800704110181","","","","0.06168242000669988","6042","","","raw","0.282203","minimize","","","361","","5700","","","","","5700","","2850","319","","0","",""
"picat_sat","jsswet","jsswet.mzn","jsswet_la16.dzn","OPTIMAL_SOLUTION","79.60629837401211","","","6","79.26241295400541","","","","0.26168542000669986","1022","","","raw","0.0822","minimize","","","131","","900","","","","","900","","450","49","","0","",""
"chuffed","jsswet","jsswet.mzn","jsswet_orb02.dzn","OPTIMAL_SOLUTION","3.7722498640068807","316","447","445","3.629","3.629","54545","0.0","","132","0.0","1630370565","raw","0.056406","minimize","368","3475063","131","","","6638","0.017","0.94","54411","","316","","116","132","0","1054","111078"
"chuffed","jsswet","jsswet.mzn","jsswet_orb09.dzn","OPTIMAL_SOLUTION","0.6960004640277475","217","61","59","0.566","0.565","40042","0.0","","132","0.0","1630370718","raw","0.05666","minimize","287","697876","131","","","2979","0.013","0.94","39908","","217","","0","132","0","1054","15732"
"picat_sat","jsswet","jsswet.mzn","jsswet_la28.dzn","OPTIMAL_SOLUTION","357.0176426760154","","","6","356.6737572560087","","","","0.14070342000669986","4042","","","raw","0.203182","minimize","","","261","","3800","","","","","3800","","1900","208","","0","",""
"chuffed","jsswet","jsswet.mzn","jsswet_la11.dzn","SATISFIED","600.0752843749942","","","1491","","","","","","147","","","raw","0.059997","minimize","","","161","","","","","","","","","","4933","","0","",""
"picat_sat","jsswet","jsswet.mzn","jsswet_vw3x3.dzn","OPTIMAL_SOLUTION","0.333266910049133","","","6","-0.010618509957566857","","","","0.29673742000669984","35","","","raw","0.047148","minimize","","","19","","18","","","","","18","","9","0","","0","",""
"chuffed","jsswet","jsswet.mzn","jsswet_swv08.dzn","OPTIMAL_SOLUTION","29.75159555103164","10720","99","61","29.453","29.448","419698","0.0","","357","0.0","1630371222","raw","0.082918","minimize","920","93395687","361","","","36539","0.021","7.12","419334","","10720","","113","362","0","6094","95663"
"gecode","jsswet","jsswet.mzn","jsswet_ft20.dzn","SATISFIED","600.0402977979975","5794695","0","1048","599.942","","161","","","147","","","raw","0.052998","minimize","84","308123995","161","1048","","","0.001229","","","","","","18150","","0","147","11611035"
"picat_sat","jsswet","jsswet.mzn","jsswet_la06.dzn","OPTIMAL_SOLUTION","122.65272999397712","","","7","122.30884457397042","","","","0.2505954200066999","1157","","","raw","0.09329","minimize","","","120","","1050","","","","","1050","","525","67","","0","",""
"picat_sat","jsswet","jsswet.mzn","jsswet_la17.dzn","OPTIMAL_SOLUTION","60.678359618992545","","","8","60.334474198985845","","","","0.26111942000669985","1022","","","raw","0.082766","minimize","","","131","","900","","","","","900","","450","15","","0","",""
"picat_sat","jsswet","jsswet.mzn","jsswet_la32.dzn","SATISFIED","600.2814352759742","","","2","599.9375498559675","","","","-0.07642057999330015","9062","","","raw","0.420306","minimize","","","391","","8700","","","","","8700","","4350","31430","","0","",""
"picat_sat","jsswet","jsswet.mzn","jsswet_ft20.dzn","OPTIMAL_SOLUTION","216.99524240999017","","","9","216.65135698998347","","","","0.22825542000669985","2042","","","raw","0.11563","minimize","","","161","","1900","","","","","1900","","950","308","","0","",""
"chuffed","jsswet","jsswet.mzn","jsswet_yn4.dzn","OPTIMAL_SOLUTION","16.96180100098718","11052","127","88","16.692","16.689","283311","0.0","","462","0.0","1630371730","raw","0.088953","minimize","1026","99135485","460","","","35336","0.017","7.12","282848","","11052","","35","461","0","8104","121744"
"chuffed","jsswet","jsswet.mzn","jsswet_abz6.dzn","OPTIMAL_SOLUTION","19.876740517967846","2268","1699","1687","19.705","19.701","80247","0.0","","132","0.0","1630368721","raw","0.071144","minimize","575","22142131","131","","","16718","0.013","1.41","80113","","2268","","140","132","0","1054","436933"
"picat_sat","jsswet","jsswet.mzn","jsswet_la24.dzn","OPTIMAL_SOLUTION","148.57080448500346","","","9","148.22691906499676","","","","0.21149642000669985","2282","","","raw","0.132389","minimize","","","196","","2100","","","","","2100","","1050","58","","0","",""
"gecode","jsswet","jsswet.mzn","jsswet_la04.dzn","SATISFIED","600.0457231680048","21436546","0","962","599.943","","81","","","77","","","raw","0.048306","minimize","45","872835369","81","962","","","0.000855","","","","","","1199","","0","77","42877517"
"chuffed","jsswet","jsswet.mzn","jsswet_swv06.dzn","SATISFIED","600.0635681059794","","","1235","","","","","","357","","","raw","0.088337","minimize","","","361","","","","","","","","","","6629","","0","",""
"picat_sat","jsswet","jsswet.mzn","jsswet_orb06.dzn","OPTIMAL_SOLUTION","76.05867904203478","","","8","75.71479362202808","","","","0.2544544200066999","1022","","","raw","0.089431","minimize","","","131","","900","","","","","900","","450","26","","0","",""
"picat_sat","jsswet","jsswet.mzn","jsswet_la37.dzn","OPTIMAL_SOLUTION","265.2862621700042","","","9","264.9423767499975","","","","0.15322142000669986","3407","","","raw","0.190664","minimize","","","271","","3150","","","","","3150","","1575","102","","0","",""
"gecode","jsswet","jsswet.mzn","jsswet_orb02.dzn","SATISFIED","600.0533796389936","31916785","0","2988","599.941","","131","","","132","","","raw","0.053521","minimize","81","959931606","131","2988","","","0.001248","","","","","","821","","0","132","63872000"
"gecode","jsswet","jsswet.mzn","jsswet_swv05.dzn","SATISFIED","600.044238915958","4303861","0","216","599.93","","261","","","252","","","raw","0.064735","minimize","150","535383782","261","216","","","0.00204","","","","","","19797","","0","252","8615845"
"picat_sat","jsswet","jsswet.mzn","jsswet_la14.dzn","OPTIMAL_SOLUTION","201.27201060502557","","","8","200.92812518501887","","","","0.22251942000669986","2042","","","raw","0.121366","minimize","","","161","","1900","","","","","1900","","950","123","","0","",""
"chuffed","jsswet","jsswet.mzn","jsswet_swv12.dzn","UNKNOWN","600.1708452820312","","","0","","","","","","612","","","raw","0.118173","minimize","","","651","","","","","","","","","","","","0","",""
"gecode","jsswet","jsswet.mzn","jsswet_la29.dzn","SATISFIED","600.0531881540082","4082348","0","4176","599.929","","261","","","252","","","raw","0.065526","minimize","176","407821685","261","4176","","","0.00203","","","","","","7580","","0","252","8285882"
"gecode","jsswet","jsswet.mzn","jsswet_la14.dzn","SATISFIED","600.0521359359846","6751463","0","608","599.938","","161","","","147","","","raw","0.0563","minimize","94","397909690","161","608","","","0.001728","","","","","","12537","","0","147","13506432"
"chuffed","jsswet","jsswet.mzn","jsswet_swv07.dzn","OPTIMAL_SOLUTION","1.0646262629888952","323","14","12","0.871","0.87","123441","0.0","","357","0.0","1630371188","raw","0.082176","minimize","747","3104593","361","","","5108","0.018","7.12","123077","","323","","24","362","0","6094","12656"
"gecode","jsswet","jsswet.mzn","jsswet_abz8.dzn","UNKNOWN","600.0552593530156","1512731","0","0","599.917","","361","","","357","","","raw","0.078737","minimize","83","225743589","360","0","","","0.002518","","","","","","","","0","356","3025518"
"picat_sat","jsswet","jsswet.mzn","jsswet_la30.dzn","OPTIMAL_SOLUTION","356.2710240690503","","","9","355.9271386490436","","","","0.13141342000669987","4042","","","raw","0.212472","minimize","","","261","","3800","","","","","3800","","1900","278","","0","",""
"chuffed","jsswet","jsswet.mzn","jsswet_la15.dzn","SATISFIED","600.1096795339836","","","48","","","","","","147","","","raw","0.058161","minimize","","","161","","","","","","","","","","5360","","0","",""
"chuffed","jsswet","jsswet.mzn","jsswet_la16.dzn","OPTIMAL_SOLUTION","0.3679579760064371","286","21","19","0.251","0.251","38675","0.0","","132","0.0","1630369323","raw","0.051691","minimize","261","502761","131","","","4415","0.009","0.94","38541","","286","","49","132","0","1054","8683"
"gecode","jsswet","jsswet.mzn","jsswet_ft10.dzn","SATISFIED","600.0487929669907","8276159","0","646","599.944","","131","","","132","","","raw","0.050521","minimize","85","714366505","131","646","","","0.001122","","","","","","2983","","0","132","16565231"
"gecode","jsswet","jsswet.mzn","jsswet_la05.dzn","OPTIMAL_SOLUTION","275.1802631660248","8275855","0","3547","274.28","","81","","","77","","","raw","0.049631","minimize","65","167722922","81","3547","","","0.000913","","","","","","54","","0","77","16580411"
"picat_sat","jsswet","jsswet.mzn","jsswet_swv13.dzn","UNKNOWN","600.5329788270174","","","0","","","","","","25102","","","raw","1.08109","minimize","","","651","","24500","","","","","24500","","12250","","","0","",""
"picat_sat","jsswet","jsswet.mzn","jsswet_swv11.dzn","UNKNOWN","600.5241233269917","","","0","","","","","","25102","","","raw","1.0244","minimize","","","651","","24500","","","","","24500","","12250","","","0","",""
"chuffed","jsswet","jsswet.mzn","jsswet_la10.dzn","OPTIMAL_SOLUTION","63.035192879033275","65390","3038","2859","62.847","62.844","119333","0.0","","112","0.0","1630368943","raw","0.056617","minimize","496","124740705","121","","","152060","0.025","1.41","119209","","65390","","92","122","0","1184","785891"
"gecode","jsswet","jsswet.mzn","jsswet_swv06.dzn","SATISFIED","600.049484757008","18373358","0","1432","599.92","","361","","","357","","","raw","0.074387","minimize","211","495316158","361","1432","","","0.002644","","","","","","18975","","0","357","36800339"
"chuffed","jsswet","jsswet.mzn","jsswet_swv11.dzn","UNKNOWN","600.1983747750055","","","0","","","","","","612","","","raw","0.119821","minimize","","","651","","","","","","","","","","","","0","",""
"picat_sat","jsswet","jsswet.mzn","jsswet_swv03.dzn","OPTIMAL_SOLUTION","447.5255953249871","","","10","447.1817099049804","","","","0.14334142000669986","4042","","","raw","0.200544","minimize","","","261","","3800","","","","","3800","","1900","281","","0","",""
"chuffed","jsswet","jsswet.mzn","jsswet_la27.dzn","SATISFIED","600.0552230110043","","","2832","","","","","","252","","","raw","0.065613","minimize","","","261","","","","","","","","","","2944","","0","",""
"picat_sat","jsswet","jsswet.mzn","jsswet_la09.dzn","OPTIMAL_SOLUTION","136.54218304203823","","","7","136.19829762203153","","","","0.24968142000669985","1157","","","raw","0.094204","minimize","","","121","","1050","","","","","1050","","525","210","","0","",""
"chuffed","jsswet","jsswet.mzn","jsswet_la05.dzn","OPTIMAL_SOLUTION","0.9669999799807556","292","85","83","0.736","0.735","101269","0.0","","77","0.0","1630368755","raw","0.052618","minimize","400","651948","81","","","4639","0.099","0.63","101185","","292","","54","82","0","544","15088"
"gecode","jsswet","jsswet.mzn","jsswet_orb08.dzn","SATISFIED","600.044273276988","17686060","0","489","599.941","","131","","","132","","","raw","0.053452","minimize","72","670852405","131","489","","","0.001289","","","","","","4317","","0","132","35383136"
"picat_sat","jsswet","jsswet.mzn","jsswet_orb02.dzn","OPTIMAL_SOLUTION","75.78556451096665","","","7","75.44167909095995","","","","0.25295142000669985","1022","","","raw","0.090934","minimize","","","131","","900","","","","","900","","450","116","","0","",""
"picat_sat","jsswet","jsswet.mzn","jsswet_ft06.dzn","OPTIMAL_SOLUTION","2.2377688990090974","","","4","1.8938834790023975","","","","0.27426342000669984","230","","","raw","0.069622","minimize","","","55","","180","","","","","180","","90","2","","0","",""
"picat_sat","jsswet","jsswet.mzn","jsswet_orb10.dzn","OPTIMAL_SOLUTION","88.95155174401589","","","4","88.60766632400919","","","","0.2627224200066999","1022","","","raw","0.081163","minimize","","","131","","900","","","","","900","","450","93","","0","",""
"gecode","jsswet","jsswet.mzn","jsswet_la12.dzn","SATISFIED","600.0447225429816","10045468","0","37","599.938","","161","","","147","","","raw","0.056441","minimize","92","304317029","161","37","","","0.001447","","","","","","18253","","0","147","20091281"
"chuffed","jsswet","jsswet.mzn","jsswet_la38.dzn","OPTIMAL_SOLUTION","33.597968645975925","5506","843","820","33.398","33.396","184887","0.0","","272","0.0","1630370403","raw","0.068743","minimize","768","36544585","271","","","25284","0.009","4.75","184613","","5506","","0","272","0","3454","485264"
"gecode","jsswet","jsswet.mzn","jsswet_la28.dzn","SATISFIED","600.0585781630361","3544364","0","2415","599.928","","261","","","252","","","raw","0.066528","minimize","143","329668920","261","2415","","","0.002037","","","","","","7098","","0","252","7171045"
"picat_sat","jsswet","jsswet.mzn","jsswet_abz8.dzn","OPTIMAL_SOLUTION","379.08765235799365","","","9","378.74376693798695","","","","0.06970742000669988","6042","","","raw","0.274178","minimize","","","360","","5700","","","","","5700","","2850","3","","0","",""
"picat_sat","jsswet","jsswet.mzn","jsswet_la20.dzn","OPTIMAL_SOLUTION","72.32685640401905","","","8","71.98297098401235","","","","0.25483742000669984","1022","","","raw","0.089048","minimize","","","131","","900","","","","","900","","450","16","","0","",""
"picat_sat","jsswet","jsswet.mzn","jsswet_swv07.dzn","SATISFIED","600.186784066027","","","8","599.8428986460203","","","","0.05694142000669988","6042","","","raw","0.286944","minimize","","","361","","5700","","","","","5700","","2850","26","","0","",""
"gecode","jsswet","jsswet.mzn","jsswet_swv04.dzn","SATISFIED","600.0442038089968","1949900","0","1466","599.93","","261","","","252","","","raw","0.06515","minimize","166","406637512","261","1466","","","0.002057","","","","","","19229","","0","252","3943669"
"picat_sat","jsswet","jsswet.mzn","jsswet_la10.dzn","OPTIMAL_SOLUTION","106.73851465800544","","","9","106.39462923799874","","","","0.25150942000669985","1157","","","raw","0.092376","minimize","","","121","","1050","","","","","1050","","525","92","","0","",""
"chuffed","jsswet","jsswet.mzn","jsswet_swv03.dzn","SATISFIED","600.1289106100448","","","844","","","","","","252","","","raw","0.067687","minimize","","","261","","","","","","","","","","10280","","0","",""
"chuffed","jsswet","jsswet.mzn","jsswet_la18.dzn","OPTIMAL_SOLUTION","2.593266663956456","203","307","305","2.435","2.435","53734","0.0","","132","0.0","1630369338","raw","0.055881","minimize","262","2206472","131","","","3723","0.02","0.94","53600","","203","","0","132","0","1054","68595"
"chuffed","jsswet","jsswet.mzn","jsswet_orb06.dzn","OPTIMAL_SOLUTION","0.3880758009618148","279","18","16","0.257","0.257","42088","0.0","","132","0.0","1630370653","raw","0.056852","minimize","273","716747","131","","","799","0.011","0.94","41954","","279","","26","132","0","1054","4283"
"picat_sat","jsswet","jsswet.mzn","jsswet_la19.dzn","OPTIMAL_SOLUTION","66.49414186598733","","","8","66.15025644598063","","","","0.2558654200066999","1022","","","raw","0.08802","minimize","","","131","","900","","","","","900","","450","18","","0","",""
"gecode","jsswet","jsswet.mzn","jsswet_swv07.dzn","SATISFIED","600.0496610159753","7511778","0","577","599.919","","361","","","357","","","raw","0.074968","minimize","208","244777170","361","577","","","0.0027","","","","","","14907","","0","357","15046339"
"chuffed","jsswet","jsswet.mzn","jsswet_orb04.dzn","OPTIMAL_SOLUTION","2.180251685960684","258","219","217","2.053","2.053","47794","0.0","","132","0.0","1630370614","raw","0.057474","minimize","273","1826446","131","","","5837","0.004","0.94","47660","","258","","10","132","0","1054","54248"
"picat_sat","jsswet","jsswet.mzn","jsswet_swv10.dzn","SATISFIED","600.2242604480125","","","5","599.8803750280058","","","","0.05903642000669984","6042","","","raw","0.284849","minimize","","","361","","5700","","","","","5700","","2850","299","","0","",""
"gecode","jsswet","jsswet.mzn","jsswet_swv01.dzn","SATISFIED","600.0444573719869","14810193","0","1008","599.932","","261","","","252","","","raw","0.06258","minimize","161","373047914","261","1008","","","0.002078","","","","","","16708","","0","252","29641434"
"gecode","jsswet","jsswet.mzn","jsswet_swv08.dzn","SATISFIED","600.0476212010253","7823174","0","313","599.92","","361","","","357","","","raw","0.07442","minimize","202","340663485","361","313","","","0.002656","","","","","","22096","","0","357","15651872"
"chuffed","jsswet","jsswet.mzn","jsswet_ft06.dzn","OPTIMAL_SOLUTION","0.24915455700829625","54","54","54","0.058","0.058","6763","0.0","","56","0.0","1630368721","raw","0.063419","minimize","102","66329","55","","","261","0.008","0.12","6705","","54","","2","56","0","250","2854"
"gecode","jsswet","jsswet.mzn","jsswet_la20.dzn","OPTIMAL_SOLUTION","13.993553557025734","17142","0","2864","13.0861","","131","","","132","","","raw","0.050649","minimize","93","1404819","131","2864","","","0.001281","","","","","","16","","0","132","96365"
"picat_sat","jsswet","jsswet.mzn","jsswet_la07.dzn","OPTIMAL_SOLUTION","108.32836411899189","","","8","107.98447869898519","","","","0.24996942000669986","1157","","","raw","0.093916","minimize","","","121","","1050","","","","","1050","","525","225","","0","",""
"gecode","jsswet","jsswet.mzn","jsswet_orb10.dzn","SATISFIED","600.0485645069857","8796985","0","541","599.943","","131","","","132","","","raw","0.052048","minimize","77","791948827","131","541","","","0.001232","","","","","","1413","","0","132","17607403"
"chuffed","jsswet","jsswet.mzn","jsswet_la03.dzn","OPTIMAL_SOLUTION","0.3524269370245747","322","8","6","0.144","0.143","101438","0.0","","77","0.0","1630368738","raw","0.048076","minimize","296","330031","81","","","11179","0.094","0.63","101354","","322","","101","82","0","544","12703"
"gecode","jsswet","jsswet.mzn","jsswet_swv14.dzn","UNKNOWN","600.058195975027","4362724","0","0","599.881","","651","","","612","","","raw","0.11475","minimize","248","786120538","651","0","","","0.004331","","","","","","","","0","612","8725675"
"chuffed","jsswet","jsswet.mzn","jsswet_orb07.dzn","OPTIMAL_SOLUTION","8.485642939049285","6291","778","750","8.231999","8.226","116145","0.0","","132","0.0","1630370688","raw","0.0575","minimize","485","13959558","131","","","15838","0.117","0.94","116011","","6291","","102","132","0","1054","148142"
"gecode","jsswet","jsswet.mzn","jsswet_la24.dzn","SATISFIED","600.0447912989766","12683681","0","929","599.935","","196","","","192","","","raw","0.059426","minimize","116","529337626","196","929","","","0.001595","","","","","","4184","","0","192","25393110"
"chuffed","jsswet","jsswet.mzn","jsswet_la04.dzn","OPTIMAL_SOLUTION","7.681547093030531","15332","644","587","7.457","6.947","100931","0.0","","77","0.0","1630368744","raw","0.052245","minimize","404","13963077","81","","","25291","0.099","0.63","100847","","15332","","205","82","0","544","107400"
"gecode","jsswet","jsswet.mzn","jsswet_abz5.dzn","OPTIMAL_SOLUTION","27.516363956034184","192504","0","4814","26.4821","","131","","","132","","","raw","0.062603","minimize","75","9665927","131","4814","","","0.001122","","","","","","103","","0","132","515254"
"gecode","jsswet","jsswet.mzn","jsswet_la23.dzn","SATISFIED","600.051822540001","7891982","0","63","599.934","","196","","","192","","","raw","0.060312","minimize","112","516345172","196","63","","","0.001722","","","","","","7205","","0","192","15785827"
"chuffed","jsswet","jsswet.mzn","jsswet_la22.dzn","SATISFIED","600.0474931209465","","","3188","","","","","","192","","","raw","0.06159","minimize","","","196","","","","","","","","","","843","","0","",""
"picat_sat","jsswet","jsswet.mzn","jsswet_orb09.dzn","OPTIMAL_SOLUTION","67.01752787601436","","","10","66.67364245600766","","","","0.25929742000669986","1022","","","raw","0.084588","minimize","","","131","","900","","","","","900","","450","0","","0","",""
"gecode","jsswet","jsswet.mzn","jsswet_abz9.dzn","SATISFIED","600.0430085320259","5973804","0","165","599.914","","361","","","357","","","raw","0.080179","minimize","200","276028367","361","165","","","0.002484","","","","","","2183","","0","357","11953501"
"picat_sat","jsswet","jsswet.mzn","jsswet_la34.dzn","SATISFIED","600.2034593189601","","","2","599.8595738989534","","","","-0.06420657999330015","9062","","","raw","0.408092","minimize","","","391","","8700","","","","","8700","","4350","25598","","0","",""
"picat_sat","jsswet","jsswet.mzn","jsswet_orb01.dzn","OPTIMAL_SOLUTION","99.49084756796947","","","8","99.14696214796277","","","","0.25133242000669986","1022","","","raw","0.092553","minimize","","","131","","900","","","","","900","","450","178","","0","",""
"chuffed","jsswet","jsswet.mzn","jsswet_swv01.dzn","OPTIMAL_SOLUTION","10.68745550501626","12070","69","23","10.46","10.458","251190","0.0","","252","0.0","1630370785","raw","0.067836","minimize","645","79911366","261","","","22522","0.021","4.75","250926","","12070","","99","262","0","4084","47904"
"chuffed","jsswet","jsswet.mzn","jsswet_la17.dzn","OPTIMAL_SOLUTION","0.5901474850252271","244","10","8","0.189","0.189","227208","0.0","","132","0.0","1630369325","raw","0.057524","minimize","1004","314005","131","","","10151","0.227","2.11","227074","","244","","15","132","0","1054","13807"
"gecode","jsswet","jsswet.mzn","jsswet_la35.dzn","UNKNOWN","600.0609456790262","4628589","0","0","599.916","","391","","","372","","","raw","0.080311","minimize","191","439500397","391","0","","","0.002695","","","","","","","","0","372","9257308"
"gecode","jsswet","jsswet.mzn","jsswet_orb09.dzn","OPTIMAL_SOLUTION","237.70628104399657","2940773","0","3313","237.048","","131","","","132","","","raw","0.050914","minimize","82","368281085","131","3313","","","0.001175","","","","","","0","","0","132","5941399"
"chuffed","jsswet","jsswet.mzn","jsswet_swv13.dzn","UNKNOWN","600.1935995860258","","","0","","","","","","612","","","raw","0.117735","minimize","","","651","","","","","","","","","","","","0","",""
"picat_sat","jsswet","jsswet.mzn","jsswet_la15.dzn","SATISFIED","600.1732896590256","","","5","599.8294042390189","","","","0.22443242000669986","2042","","","raw","0.119453","minimize","","","161","","1900","","","","","1900","","950","587","","0","",""
"gecode","jsswet","jsswet.mzn","jsswet_la38.dzn","SATISFIED","600.0460124450037","2541903","0","2089","599.929","","271","","","272","","","raw","0.065483","minimize","155","481132981","271","2089","","","0.002118","","","","","","2568","","0","272","5166141"
"gecode","jsswet","jsswet.mzn","jsswet_la40.dzn","SATISFIED","600.044556036999","3772557","0","2748","599.93","","271","","","272","","","raw","0.064497","minimize","155","355142655","271","2748","","","0.002026","","","","","","2959","","0","272","7597398"
"chuffed","jsswet","jsswet.mzn","jsswet_la36.dzn","OPTIMAL_SOLUTION","313.22559322899906","71673","3062","2871","312.997","312.981","210455","0.0","","272","0.0","1630370184","raw","0.06815","minimize","1081","331701905","271","","","53807","0.008","4.75","210181","","71673","","0","272","0","3454","1661532"
"picat_sat","jsswet","jsswet.mzn","jsswet_la04.dzn","OPTIMAL_SOLUTION","84.36536176200025","","","6","84.02147634199355","","","","0.27937342000669985","522","","","raw","0.064512","minimize","","","81","","450","","","","","450","","225","205","","0","",""
"gecode","jsswet","jsswet.mzn","jsswet_la11.dzn","SATISFIED","600.0414458420128","11280520","0","727","599.938","","161","","","147","","","raw","0.056613","minimize","106","597692010","161","727","","","0.001346","","","","","","10852","","0","147","22567590"
"chuffed","jsswet","jsswet.mzn","jsswet_abz7.dzn","OPTIMAL_SOLUTION","11.905622703023255","12415","111","65","11.055","11.05","573454","0.0","","357","0.0","1630368721","raw","0.093842","minimize","1048","33853791","361","","","48683","0.555","4.75","573090","","12415","","32","362","0","6094","103336"
"picat_sat","jsswet","jsswet.mzn","jsswet_la21.dzn","OPTIMAL_SOLUTION","187.8381632269593","","","6","187.4942778069526","","","","0.21021142000669987","2282","","","raw","0.133674","minimize","","","196","","2100","","","","","2100","","1050","167","","0","",""
"picat_sat","jsswet","jsswet.mzn","jsswet_la40.dzn","OPTIMAL_SOLUTION","204.61611568601802","","","8","204.27223026601132","","","","0.14946442000669985","3407","","","raw","0.194421","minimize","","","271","","3150","","","","","3150","","1575","53","","0","",""
"picat_sat","jsswet","jsswet.mzn","jsswet_abz9.dzn","OPTIMAL_SOLUTION","473.78594083397184","","","7","473.44205541396514","","","","0.06524642000669983","6042","","","raw","0.278639","minimize","","","361","","5700","","","","","5700","","2850","26","","0","",""
"chuffed","jsswet","jsswet.mzn","jsswet_ft20.dzn","SATISFIED","600.0489635840058","","","1379","","","","","","147","","","raw","0.059478","minimize","","","161","","","","","","","","","","9105","","0","",""
"chuffed","jsswet","jsswet.mzn","jsswet_la25.dzn","OPTIMAL_SOLUTION","263.25311106600566","397708","3725","2876","263.053","263.04","141442","0.0","","192","0.0","1630369557","raw","0.062453","minimize","738","1127860923","196","","","521746","0.012","3.16","141243","","397708","","214","197","0","2319","2010998"
"picat_sat","jsswet","jsswet.mzn","jsswet_abz6.dzn","OPTIMAL_SOLUTION","84.16103572503198","","","7","83.81715030502528","","","","0.24586742000669987","1022","","","raw","0.098018","minimize","","","131","","900","","","","","900","","450","140","","0","",""
"picat_sat","jsswet","jsswet.mzn","jsswet_orb07.dzn","OPTIMAL_SOLUTION","83.3882608920103","","","6","83.0443754720036","","","","0.25508742000669987","1022","","","raw","0.088798","minimize","","","131","","900","","","","","900","","450","102","","0","",""
"chuffed","jsswet","jsswet.mzn","jsswet_la37.dzn","SATISFIED","600.052005089994","","","3366","","","","","","272","","","raw","0.069179","minimize","","","271","","","","","","","","","","1646","","0","",""
"chuffed","jsswet","jsswet.mzn","jsswet_swv04.dzn","OPTIMAL_SOLUTION","3.3537923750118352","2435","26","12","3.161","3.16","161649","0.0","","252","0.0","1630370921","raw","0.067783","minimize","582","21653543","261","","","12257","0.022","4.75","161385","","2435","","214","262","0","4084","21249"
"gecode","jsswet","jsswet.mzn","jsswet_swv09.dzn","SATISFIED","600.0498173279921","13137269","0","408","599.919","","361","","","357","","","raw","0.075081","minimize","204","403307943","361","408","","","0.002758","","","","","","25022","","0","357","26286780"
"gecode","jsswet","jsswet.mzn","jsswet_orb01.dzn","SATISFIED","600.0435061419848","7791635","0","1917","599.94","","131","","","132","","","raw","0.054351","minimize","83","570313725","131","1917","","","0.001239","","","","","","2689","","0","132","15600329"
"picat_sat","jsswet","jsswet.mzn","jsswet_swv02.dzn","SATISFIED","600.1846308349632","","","7","599.8407454149565","","","","0.13709342000669986","4042","","","raw","0.206792","minimize","","","261","","3800","","","","","3800","","1900","214","","0","",""
"gecode","jsswet","jsswet.mzn","jsswet_swv03.dzn","SATISFIED","600.050106772047","2479711","0","994","599.931","","261","","","252","","","raw","0.063946","minimize","151","299237997","261","994","","","0.002054","","","","","","21283","","0","252","4997345"
"picat_sat","jsswet","jsswet.mzn","jsswet_abz7.dzn","OPTIMAL_SOLUTION","443.571087874996","","","7","443.2272024549893","","","","0.06456342000669985","6042","","","raw","0.279322","minimize","","","361","","5700","","","","","5700","","2850","32","","0","",""
"picat_sat","jsswet","jsswet.mzn","jsswet_abz5.dzn","OPTIMAL_SOLUTION","101.14834084297763","","","6","100.80445542297093","","","","0.24443442000669985","1022","","","raw","0.099451","minimize","","","131","","900","","","","","900","","450","103","","0","",""
"chuffed","jsswet","jsswet.mzn","jsswet_swv09.dzn","OPTIMAL_SOLUTION","266.03204390901374","153193","958","580","265.627","265.618","556712","0.0","","357","0.0","1630371260","raw","0.083068","minimize","4841","1112702188","361","","","300154","0.016","36.04","556348","","153193","","101","362","0","6094","987638"
"picat_sat","jsswet","jsswet.mzn","jsswet_la27.dzn","OPTIMAL_SOLUTION","442.1453341610031","","","7","441.8014487409964","","","","0.13150042000669987","4042","","","raw","0.212385","minimize","","","261","","3800","","","","","3800","","1900","283","","0","",""
"chuffed","jsswet","jsswet.mzn","jsswet_la30.dzn","SATISFIED","600.0500205690041","","","2479","","","","","","252","","","raw","0.069134","minimize","","","261","","","","","","","","","","6546","","0","",""
"gecode","jsswet","jsswet.mzn","jsswet_la31.dzn","UNKNOWN","600.0469214589684","1962551","0","0","599.91","","391","","","372","","","raw","0.085024","minimize","189","361924704","391","0","","","0.002775","","","","","","","","0","372","3925235"
"picat_sat","jsswet","jsswet.mzn","jsswet_la18.dzn","OPTIMAL_SOLUTION","49.21582348796073","","","8","48.871938067954034","","","","0.25885842000669984","1022","","","raw","0.085027","minimize","","","131","","900","","","","","900","","450","0","","0","",""
"gecode","jsswet","jsswet.mzn","jsswet_la13.dzn","SATISFIED","600.0596336119925","9024154","0","304","599.938","","161","","","147","","","raw","0.056471","minimize","100","597711897","161","304","","","0.00148","","","","","","16671","","0","147","18050871"
"gecode","jsswet","jsswet.mzn","jsswet_orb07.dzn","SATISFIED","600.0433054849855","5626523","0","308","599.942","","131","","","132","","","raw","0.053044","minimize","80","1131518064","131","308","","","0.001266","","","","","","1299","","0","132","11255117"
"chuffed","jsswet","jsswet.mzn","jsswet_la39.dzn","OPTIMAL_SOLUTION","15.022873880981933","7001","262","232","14.828","14.825","180283","0.0","","272","0.0","1630370492","raw","0.069647","minimize","775","27127392","271","","","15834","0.01","3.16","180009","","7001","","96","272","0","3454","141621"
"gecode","jsswet","jsswet.mzn","jsswet_la01.dzn","SATISFIED","600.0371704300051","9159450","0","834","599.948","","81","","","77","","","raw","0.046167","minimize","53","992437472","81","834","","","0.000832","","","","","","1675","","0","77","18327875"
"gecode","jsswet","jsswet.mzn","jsswet_la32.dzn","UNKNOWN","600.0499813440256","2468981","0","0","599.909","","391","","","372","","","raw","0.086211","minimize","154","411022700","391","0","","","0.002842","","","","","","","","0","372","4938083"
"gecode","jsswet","jsswet.mzn","jsswet_orb05.dzn","SATISFIED","600.0454304890009","20394938","0","579","599.938","","131","","","132","","","raw","0.056814","minimize","75","922196709","131","579","","","0.001172","","","","","","2445","","0","132","40795811"
"chuffed","jsswet","jsswet.mzn","jsswet_swv02.dzn","SATISFIED","600.0549465520307","","","1022","","","","","","252","","","raw","0.065872","minimize","","","261","","","","","","","","","","8026","","0","",""
"chuffed","jsswet","jsswet.mzn","jsswet_la02.dzn","OPTIMAL_SOLUTION","10.064554059004877","4613","1168","1148","9.829","9.826","112774","0.0","","77","0.0","1630368725","raw","0.052743","minimize","619","8952092","81","","","13525","0.107","0.94","112690","","4613","","75","82","0","544","142026"
"chuffed","jsswet","jsswet.mzn","jsswet_orb10.dzn","OPTIMAL_SOLUTION","24.121895461983513","41031","1258","1132","23.972","23.969","86681","0.0","","132","0.0","1630370764","raw","0.050044","minimize","390","76280056","131","","","52084","0.017","1.41","86547","","41031","","93","132","0","1054","374639"
"picat_sat","jsswet","jsswet.mzn","jsswet_swv04.dzn","OPTIMAL_SOLUTION","465.7193632090348","","","8","465.3754777890281","","","","0.13723242000669986","4042","","","raw","0.206653","minimize","","","261","","3800","","","","","3800","","1900","214","","0","",""
"picat_sat","jsswet","jsswet.mzn","jsswet_la11.dzn","OPTIMAL_SOLUTION","236.39930023695342","","","8","236.05541481694672","","","","0.21884642000669985","2042","","","raw","0.125039","minimize","","","161","","1900","","","","","1900","","950","165","","0","",""
"chuffed","jsswet","jsswet.mzn","jsswet_la08.dzn","OPTIMAL_SOLUTION","190.0754134900053","269632","7490","6930","189.884","189.622","114728","0.0","","112","0.0","1630368820","raw","0.055625","minimize","372","474066511","121","","","392495","0.032","1.41","114604","","269632","","106","122","0","1184","1859578"
"chuffed","jsswet","jsswet.mzn","jsswet_la12.dzn","SATISFIED","600.0543727490003","","","1478","","","","","","147","","","raw","0.06123","minimize","","","161","","","","","","","","","","6438","","0","",""
"picat_sat","jsswet","jsswet.mzn","jsswet_swv14.dzn","UNKNOWN","600.5210595339886","","","0","","","","","","25102","","","raw","1.10028","minimize","","","651","","24500","","","","","24500","","12250","","","0","",""
"chuffed","jsswet","jsswet.mzn","jsswet_orb01.dzn","OPTIMAL_SOLUTION","122.336731145042","152474","2800","2425","122.152","122.151","107219","0.0","","132","0.0","1630370527","raw","0.059789","minimize","353","201830320","131","","","55652","0.01","1.41","107085","","152474","","178","132","0","1054","763747"
"picat_sat","jsswet","jsswet.mzn","jsswet_la29.dzn","OPTIMAL_SOLUTION","335.7878091579769","","","8","335.4439237379702","","","","0.12625242000669987","4042","","","raw","0.217633","minimize","","","261","","3800","","","","","3800","","1900","27","","0","",""
"picat_sat","jsswet","jsswet.mzn","jsswet_orb05.dzn","OPTIMAL_SOLUTION","90.91037356003653","","","6","90.56648814002983","","","","0.25424942000669987","1022","","","raw","0.089636","minimize","","","131","","900","","","","","900","","450","183","","0","",""
"gecode","jsswet","jsswet.mzn","jsswet_yn4.dzn","SATISFIED","600.0677157960017","1217751","0","2487","599.91","","461","","","462","","","raw","0.086409","minimize","260","296894587","460","2487","","","0.003172","","","","","","3332","","0","461","2604537"
"gecode","jsswet","jsswet.mzn","jsswet_la10.dzn","SATISFIED","600.045567816007","9757764","0","2200","599.944","","121","","","112","","","raw","0.0509","minimize","88","1004593454","121","2200","","","0.001069","","","","","","5358","","0","112","19535642"
"chuffed","jsswet","jsswet.mzn","jsswet_la28.dzn","SATISFIED","600.0542422800208","","","2114","","","","","","252","","","raw","0.067586","minimize","","","261","","","","","","","","","","4283","","0","",""
"picat_sat","jsswet","jsswet.mzn","jsswet_swv09.dzn","SATISFIED","600.1678387690336","","","7","599.8239533490269","","","","0.06154742000669988","6042","","","raw","0.282338","minimize","","","361","","5700","","","","","5700","","2850","111","","0","",""
"gecode","jsswet","jsswet.mzn","jsswet_la03.dzn","OPTIMAL_SOLUTION","8.297842391999438","28526","0","2341","7.0634","","81","","","77","","","raw","0.046874","minimize","46","1847168","81","2341","","","0.000859","","","","","","101","","0","77","92049"
"picat_sat","jsswet","jsswet.mzn","jsswet_la08.dzn","OPTIMAL_SOLUTION","116.2365659159841","","","8","115.8926804959774","","","","0.25123542000669985","1157","","","raw","0.09265","minimize","","","121","","1050","","","","","1050","","525","92","","0","",""
"chuffed","jsswet","jsswet.mzn","jsswet_abz8.dzn","OPTIMAL_SOLUTION","1.291962259041611","217","6","4","0.427","0.425","585011","0.0","","357","0.0","1630368721","raw","0.09575","minimize","1000","933418","360","","","9425","0.575","4.75","584648","","217","","3","361","0","6094","12201"
"picat_sat","jsswet","jsswet.mzn","jsswet_la39.dzn","OPTIMAL_SOLUTION","251.04234277299838","","","8","250.69845735299168","","","","0.15492942000669985","3407","","","raw","0.188956","minimize","","","271","","3150","","","","","3150","","1575","96","","0","",""
"chuffed","jsswet","jsswet.mzn","jsswet_orb08.dzn","OPTIMAL_SOLUTION","12.920694413012825","5886","885","859","12.773","12.772","91589","0.0","","132","0.0","1630370710","raw","0.05194","minimize","388","14259470","131","","","14655","0.018","1.41","91455","","5886","","0","132","0","1054","231443"
"picat_sat","jsswet","jsswet.mzn","jsswet_la35.dzn","SATISFIED","600.272042069002","","","2","599.9281566489954","","","","-0.07433457999330012","9062","","","raw","0.41822","minimize","","","391","","8700","","","","","8700","","4350","35497","","0","",""
"chuffed","jsswet","jsswet.mzn","jsswet_la07.dzn","OPTIMAL_SOLUTION","146.23058655502973","280169","4255","3670","146.038","146.028","114967","0.0","","112","0.0","1630368806","raw","0.053606","minimize","1405","459012723","121","","","481210","0.031","3.16","114843","","280169","","225","122","0","1184","1430673"
"chuffed","jsswet","jsswet.mzn","jsswet_la14.dzn","SATISFIED","600.0561977630132","","","1166","","","","","","147","","","raw","0.05851","minimize","","","161","","","","","","","","","","14364","","0","",""
"gecode","jsswet","jsswet.mzn","jsswet_la39.dzn","SATISFIED","600.0540173230111","4128050","0","1351","599.929","","271","","","272","","","raw","0.065989","minimize","154","531645263","271","1351","","","0.002114","","","","","","4336","","0","272","8295343"
"picat_sat","jsswet","jsswet.mzn","jsswet_la25.dzn","OPTIMAL_SOLUTION","169.639737866004","","","7","169.2958524459973","","","","0.20819742000669986","2282","","","raw","0.135688","minimize","","","196","","2100","","","","","2100","","1050","214","","0","",""
"picat_sat","jsswet","jsswet.mzn","jsswet_la02.dzn","OPTIMAL_SOLUTION","67.56887743598782","","","7","67.22499201598112","","","","0.27923142000669987","522","","","raw","0.064654","minimize","","","81","","450","","","","","450","","225","75","","0","",""
"picat_sat","jsswet","jsswet.mzn","jsswet_la26.dzn","OPTIMAL_SOLUTION","351.4478637120337","","","9","351.103978292027","","","","0.12988742000669987","4042","","","raw","0.213998","minimize","","","261","","3800","","","","","3800","","1900","140","","0","",""
"chuffed","jsswet","jsswet.mzn","jsswet_la40.dzn","SATISFIED","600.0694188950001","","","2842","","","","","","272","","","raw","0.066348","minimize","","","271","","","","","","","","","","468","","0","",""
"gecode","jsswet","jsswet.mzn","jsswet_la37.dzn","SATISFIED","600.0560623930069","11115041","0","1829","599.927","","271","","","272","","","raw","0.067337","minimize","155","774590480","271","1829","","","0.00212","","","","","","6677","","0","272","22271044"
"gecode","jsswet","jsswet.mzn","jsswet_la19.dzn","SATISFIED","600.048650495999","4592527","0","1271","599.941","","131","","","132","","","raw","0.053586","minimize","77","654803548","131","1271","","","0.001225","","","","","","2163","","0","132","9205808"
"gecode","jsswet","jsswet.mzn","jsswet_orb04.dzn","SATISFIED","600.0569175360142","7491134","0","1087","599.94","","131","","","132","","","raw","0.054463","minimize","85","598862534","131","1087","","","0.001262","","","","","","2503","","0","132","14995046"
"chuffed","jsswet","jsswet.mzn","jsswet_swv05.dzn","SATISFIED","600.1504745720304","","","942","","","","","","252","","","raw","0.066956","minimize","","","261","","","","","","","","","","9522","","0","",""
"gecode","jsswet","jsswet.mzn","jsswet_swv10.dzn","SATISFIED","600.0588319849921","3794456","0","945","599.921","","361","","","357","","","raw","0.074167","minimize","209","292726172","361","945","","","0.002624","","","","","","16696","","0","357","7638683"
"chuffed","jsswet","jsswet.mzn","jsswet_la21.dzn","OPTIMAL_SOLUTION","18.271935348049738","11428","519","477","18.091","18.09","146529","0.0","","192","0.0","1630369400","raw","0.060312","minimize","523","53312284","196","","","28815","0.014","2.11","146330","","11428","","167","197","0","2319","224351"
"picat_sat","jsswet","jsswet.mzn","jsswet_swv05.dzn","OPTIMAL_SOLUTION","505.5590528270113","","","7","505.2151674070046","","","","0.13817842000669986","4042","","","raw","0.205707","minimize","","","261","","3800","","","","","3800","","1900","155","","0","",""
"gecode","jsswet","jsswet.mzn","jsswet_la17.dzn","OPTIMAL_SOLUTION","23.341515246022027","78352","0","2265","22.8263","","131","","","132","","","raw","0.051241","minimize","87","16997124","131","2265","","","0.001151","","","","","","15","","0","132","206446"
"chuffed","jsswet","jsswet.mzn","jsswet_la26.dzn","SATISFIED","600.062639176962","","","1165","","","","","","252","","","raw","0.066233","minimize","","","261","","","","","","","","","","4542","","0","",""
"gecode","jsswet","jsswet.mzn","jsswet_la15.dzn","SATISFIED","600.0445649600006","6835959","0","169","599.941","","161","","","147","","","raw","0.053887","minimize","96","836575817","161","169","","","0.001328","","","","","","18423","","0","147","13673758"
"chuffed","jsswet","jsswet.mzn","jsswet_la35.dzn","SATISFIED","600.0740713480045","","","40","","","","","","372","","","raw","0.086964","minimize","","","391","","","","","","","","","","23044","","0","",""
"gecode","jsswet","jsswet.mzn","jsswet_la07.dzn","SATISFIED","600.0435668979771","12209934","0","411","599.944","","121","","","112","","","raw","0.05075","minimize","83","747902437","121","411","","","0.001054","","","","","","7577","","0","112","24424181"
"chuffed","jsswet","jsswet.mzn","jsswet_la34.dzn","SATISFIED","600.1497672679834","","","60","","","","","","372","","","raw","0.080996","minimize","","","391","","","","","","","","","","24392","","0","",""
"gecode","jsswet","jsswet.mzn","jsswet_abz7.dzn","SATISFIED","600.0442401989712","10207971","0","1038","599.909","","361","","","357","","","raw","0.08501","minimize","202","316393011","361","1038","","","0.00249","","","","","","2174","","0","357","20447493"
"gecode","jsswet","jsswet.mzn","jsswet_la34.dzn","UNKNOWN","600.0583523690002","2636680","0","0","599.908","","391","","","372","","","raw","0.087066","minimize","180","277857431","391","0","","","0.002814","","","","","","","","0","372","5273505"
"picat_sat","jsswet","jsswet.mzn","jsswet_la01.dzn","OPTIMAL_SOLUTION","66.7724068670068","","","8","66.4285214470001","","","","0.27708342000669983","522","","","raw","0.066802","minimize","","","81","","450","","","","","450","","225","127","","0","",""
"picat_sat","jsswet","jsswet.mzn","jsswet_orb04.dzn","OPTIMAL_SOLUTION","75.44453656696714","","","8","75.10065114696044","","","","0.25707742000669986","1022","","","raw","0.086808","minimize","","","131","","900","","","","","900","","450","10","","0","",""
"chuffed","jsswet","jsswet.mzn","jsswet_la24.dzn","OPTIMAL_SOLUTION","169.78811543202028","180927","2351","1913","169.592","169.591","133649","0.0","","192","0.0","1630369437","raw","0.061408","minimize","905","335133465","196","","","133608","0.019","3.16","133450","","180927","","58","197","0","2319","948082"
"gecode","jsswet","jsswet.mzn","jsswet_la08.dzn","SATISFIED","600.0426795139792","14593128","0","866","599.932","","121","","","112","","","raw","0.062729","minimize","79","523126659","121","866","","","0.001056","","","","","","4910","","0","112","29195367"
"picat_sat","jsswet","jsswet.mzn","jsswet_la13.dzn","OPTIMAL_SOLUTION","481.2451596579631","","","9","480.9012742379564","","","","0.22192642000669988","2042","","","raw","0.121959","minimize","","","161","","1900","","","","","1900","","950","50","","0","",""
"chuffed","jsswet","jsswet.mzn","jsswet_la20.dzn","OPTIMAL_SOLUTION","1.9946986510185525","216","218","216","1.861","1.861","51957","0.0","","132","0.0","1630369380","raw","0.056478","minimize","348","1932762","131","","","3533","0.013","0.94","51823","","216","","16","132","0","1054","52597"
"gecode","jsswet","jsswet.mzn","jsswet_la16.dzn","OPTIMAL_SOLUTION","10.711605051998049","18072","0","1895","9.5377","","131","","","132","","","raw","0.050306","minimize","69","2036785","131","1895","","","0.001222","","","","","","49","","0","132","86908"
"gecode","jsswet","jsswet.mzn","jsswet_la36.dzn","SATISFIED","600.0434143189923","3184054","0","718","599.93","","271","","","272","","","raw","0.064502","minimize","142","339460721","271","718","","","0.002006","","","","","","3714","","0","272","6388080"
"chuffed","jsswet","jsswet.mzn","jsswet_ft10.dzn","OPTIMAL_SOLUTION","77.3756427540211","66471","2618","2434","77.22","77.218","89509","0.0","","132","0.0","1630368722","raw","0.053385","minimize","306","108257221","131","","","17649","0.012","0.94","89375","","66471","","0","132","0","1054","568106"
"picat_sat","jsswet","jsswet.mzn","jsswet_orb08.dzn","OPTIMAL_SOLUTION","62.390952198999","","","9","62.0470667789923","","","","0.26184842000669983","1022","","","raw","0.082037","minimize","","","131","","900","","","","","900","","450","0","","0","",""
"gecode","jsswet","jsswet.mzn","jsswet_la27.dzn","SATISFIED","600.0608253789833","5415084","0","746","599.927","","261","","","252","","","raw","0.067502","minimize","143","443797924","261","746","","","0.002081","","","","","","8192","","0","252","10839258"
"picat_sat","jsswet","jsswet.mzn","jsswet_la05.dzn","OPTIMAL_SOLUTION","66.5244399579824","","","7","66.1805545379757","","","","0.27870042000669987","522","","","raw","0.065185","minimize","","","81","","450","","","","","450","","225","54","","0","",""
"chuffed","jsswet","jsswet.mzn","jsswet_la31.dzn","SATISFIED","600.0847434980096","","","72","","","","","","372","","","raw","0.088901","minimize","","","391","","","","","","","","","","15545","","0","",""
"picat_sat","jsswet","jsswet.mzn","jsswet_la12.dzn","OPTIMAL_SOLUTION","268.99732898699585","","","8","268.65344356698915","","","","0.22667442000669985","2042","","","raw","0.117211","minimize","","","161","","1900","","","","","1900","","950","46","","0","",""
"chuffed","jsswet","jsswet.mzn","jsswet_la09.dzn","OPTIMAL_SOLUTION","38.73915928899078","58632","1388","1230","38.555","38.552","115718","0.0","","112","0.0","1630368913","raw","0.056173","minimize","333","98731002","121","","","60398","0.028","1.41","115594","","58632","","210","122","0","1184","356854"
"chuffed","jsswet","jsswet.mzn","jsswet_orb05.dzn","OPTIMAL_SOLUTION","41.53622486902168","24211","2281","2207","41.375","41.363","93385","0.0","","132","0.0","1630370629","raw","0.055906","minimize","361","55479432","131","","","40193","0.023","1.41","93251","","24211","","183","132","0","1054","581722"
"gecode","jsswet","jsswet.mzn","jsswet_la09.dzn","SATISFIED","600.0497571959859","11836295","0","432","599.943","","121","","","112","","","raw","0.051455","minimize","74","844403062","121","432","","","0.001144","","","","","","6273","","0","112","23675668"
"picat_sat","jsswet","jsswet.mzn","jsswet_ft10.dzn","OPTIMAL_SOLUTION","83.66573854797753","","","10","83.32185312797083","","","","0.2524374200066999","1022","","","raw","0.091448","minimize","","","131","","900","","","","","900","","450","0","","0","",""
"chuffed","jsswet","jsswet.mzn","jsswet_la13.dzn","SATISFIED","600.0521153219743","","","1488","","","","","","147","","","raw","0.059469","minimize","","","161","","","","","","","","","","4419","","0","",""
"chuffed","jsswet","jsswet.mzn","jsswet_la19.dzn","OPTIMAL_SOLUTION","0.46579413197468966","261","31","29","0.329","0.329","44384","0.0","","132","0.0","1630369355","raw","0.05633","minimize","238","406348","131","","","7898","0.022","0.94","44250","","261","","18","132","0","1054","14079"
"gecode","jsswet","jsswet.mzn","jsswet_la21.dzn","SATISFIED","600.0469773830264","4044355","0","2198","599.934","","196","","","192","","","raw","0.060497","minimize","134","697802807","196","2198","","","0.001582","","","","","","2425","","0","192","8143700"
"gecode","jsswet","jsswet.mzn","jsswet_orb06.dzn","SATISFIED","600.044174464012","7275442","0","259","599.945","","131","","","132","","","raw","0.049874","minimize","78","928000780","131","259","","","0.001168","","","","","","4744","","0","132","14555564"
